image_id,class_id,total_unit_scale_votes,distinct_selected_units,distinct_blocks,distinct_layer_types,distinct_scales
4187,418,2188,464,15,3,8
8282,828,1048,238,16,3,9
4907,490,943,236,14,3,9
9046,904,881,234,15,3,9
2750,275,624,201,15,3,9
848,84,570,170,12,3,9
8156,815,561,139,14,3,8
9049,904,542,122,14,3,9
228,22,522,166,11,3,9
9138,913,428,131,11,3,9
7376,737,392,90,7,3,8
5882,588,390,120,14,3,9
4116,411,383,107,14,3,9
4238,423,380,100,6,3,9
8906,890,377,116,12,3,8
6111,611,370,102,14,3,9
1091,109,355,126,15,3,9
1092,109,348,109,12,3,8
8078,807,344,107,15,3,9
1382,138,342,95,16,3,9
8858,885,331,98,13,3,9
4247,424,330,151,10,3,9
8904,890,296,266,12,3,9
9043,904,288,109,14,3,9
4117,411,286,74,13,3,9
241,24,284,82,10,3,9
6418,641,280,80,7,3,9
9048,904,277,99,13,3,8
4226,422,273,75,6,3,8
4222,422,270,79,7,2,9
9503,950,256,71,9,2,9
261,26,255,92,11,3,9
779,77,250,133,15,3,9
5170,517,233,89,9,3,9
8541,854,231,58,11,2,9
3988,398,226,82,15,2,8
9056,905,226,52,10,3,9
5080,508,218,70,9,3,9
8855,885,214,70,10,2,8
7265,726,213,44,3,2,8
840,84,211,105,11,3,9
1118,111,208,94,11,1,9
2883,288,207,68,11,2,9
3288,328,204,51,10,3,8
5338,533,198,55,9,3,9
4469,446,188,62,10,3,9
7785,778,188,123,11,1,9
8582,858,187,51,9,3,9
9469,946,186,58,11,3,9
8545,854,185,48,13,1,9
4813,481,180,144,9,3,6
2819,281,178,45,6,1,8
3678,367,177,53,14,3,9
9856,985,177,65,10,2,9
6419,641,176,49,13,1,9
5388,538,175,68,13,2,9
8859,885,175,71,10,3,9
233,23,172,85,12,2,9
7010,701,162,38,10,2,9
2217,221,160,51,14,3,9
3137,313,158,39,11,2,9
6074,607,156,46,7,1,9
5334,533,152,67,15,2,9
1074,107,151,38,11,2,9
6320,632,151,54,11,3,9
35,3,150,71,10,1,9
4731,473,149,45,13,2,9
340,34,146,48,11,2,9
1096,109,145,57,13,2,9
4100,410,142,45,6,2,9
8414,841,142,56,15,2,9
5472,547,140,55,9,1,9
7211,721,140,46,12,3,9
6490,649,137,38,9,2,9
3659,365,136,47,10,2,9
8909,890,135,50,9,3,8
5650,565,134,47,8,2,9
2934,293,131,32,13,1,9
3937,393,131,43,12,2,9
5333,533,130,48,8,3,9
8241,824,130,51,12,3,9
8635,863,129,43,7,2,9
736,73,128,60,8,1,9
4334,433,127,40,10,2,9
6043,604,127,42,8,2,9
8142,814,127,43,8,2,9
7330,733,121,41,8,3,9
5999,599,120,55,12,2,9
244,24,118,53,9,2,9
5735,573,118,35,6,2,9
6694,669,118,45,9,3,9
6188,618,116,31,5,2,9
4898,489,115,36,7,3,7
5718,571,115,35,12,2,9
7946,794,115,34,7,3,9
4384,438,113,45,12,2,9
7297,729,111,47,6,3,9
2820,282,109,42,8,1,9
2859,285,109,28,9,1,7
9053,905,109,56,11,3,9
5515,551,108,33,8,2,9
1073,107,107,43,8,2,8
2937,293,107,40,9,1,9
7315,731,107,38,4,1,7
908,90,106,37,8,2,9
8851,885,106,34,8,2,9
2546,254,105,40,10,1,9
6482,648,105,41,13,2,6
3852,385,104,28,6,1,8
6466,646,104,37,8,2,9
9549,954,103,34,10,2,9
3927,392,102,38,10,1,9
3786,378,101,69,15,2,9
6408,640,101,27,8,3,8
6461,646,101,39,9,2,9
5574,557,100,35,9,2,8
6308,630,100,32,10,1,9
6400,640,100,28,7,2,9
5302,530,99,46,8,2,9
8525,852,98,38,6,3,9
47,4,97,49,11,2,8
3924,392,97,32,11,2,9
8074,807,97,22,6,2,9
5006,500,94,20,3,2,8
6235,623,94,53,8,1,9
4906,490,93,34,9,2,9
4913,491,93,25,5,2,9
3048,304,92,29,8,3,8
3984,398,92,41,13,2,9
7446,744,92,30,6,2,8
9167,916,92,36,12,2,9
9537,953,92,31,8,2,7
59,5,90,25,6,2,9
4333,433,90,25,7,2,9
8588,858,90,31,10,1,9
9722,972,90,30,8,2,9
418,41,89,51,12,3,9
8154,815,89,40,11,3,9
2564,256,88,21,7,1,9
5029,502,88,36,10,2,9
234,23,86,20,7,1,9
539,53,85,38,7,1,9
1567,156,85,25,9,1,8
4543,454,85,28,8,2,9
8158,815,84,22,6,2,9
245,24,83,38,7,2,9
1072,107,83,34,9,3,9
2939,293,83,26,6,2,9
2604,260,82,20,8,1,9
2904,290,82,28,9,3,9
8671,867,82,30,7,2,9
9878,987,82,24,9,2,9
1302,130,81,26,7,2,9
6269,626,81,27,11,1,7
8269,826,81,30,9,2,8
3608,360,80,32,10,1,9
7335,733,80,27,7,2,8
8114,811,80,28,7,2,9
762,76,79,23,7,2,7
9849,984,79,38,11,2,9
2600,260,78,24,7,2,8
3445,344,78,29,8,3,9
9354,935,78,25,6,2,9
2830,283,77,28,8,1,9
3085,308,77,24,6,2,8
5875,587,77,18,9,1,8
9410,941,77,20,7,2,9
503,50,76,21,6,2,8
5990,599,76,31,9,3,9
7695,769,76,28,7,3,8
6586,658,75,29,7,3,8
985,98,74,31,8,2,8
3985,398,74,31,10,2,8
4741,474,74,36,7,2,9
7980,798,73,35,8,2,9
9186,918,73,22,8,1,9
9841,984,73,24,7,1,9
5332,533,72,27,12,2,9
6327,632,72,32,10,3,9
8581,858,72,29,9,2,9
9509,950,72,18,7,2,9
4181,418,71,40,9,3,9
6859,685,71,28,8,2,9
7244,724,71,16,7,1,9
7728,772,71,31,10,2,9
622,62,70,19,7,1,8
6021,602,70,37,12,2,9
1113,111,69,30,8,1,9
3291,329,69,30,8,3,9
4185,418,69,26,9,2,8
9184,918,69,23,10,1,9
9188,918,69,19,10,2,8
960,96,68,20,7,1,8
7729,772,68,37,5,2,8
2101,210,67,15,3,2,8
2784,278,67,24,9,1,9
3301,330,67,28,8,1,9
3932,393,67,23,7,2,9
6115,611,67,19,8,2,9
9062,906,67,47,9,3,4
685,68,66,19,8,1,9
1598,159,66,24,5,2,9
9499,949,66,24,8,3,9
1006,100,65,29,6,1,9
2732,273,65,22,9,1,9
3631,363,65,25,8,1,8
4592,459,65,19,7,1,9
4815,481,65,37,14,1,9
6322,632,65,48,11,3,9
6427,642,65,51,10,3,9
8937,893,65,26,10,2,8
42,4,64,18,8,1,9
1692,169,64,26,6,1,9
5120,512,64,22,3,3,9
5229,522,64,27,8,2,9
7675,767,64,22,8,2,9
8127,812,64,17,5,1,9
9021,902,64,20,10,2,7
9796,979,64,24,8,1,9
782,78,63,32,10,2,9
7956,795,63,17,7,1,9
7963,796,63,23,7,3,9
8846,884,63,29,9,1,9
9176,917,63,18,5,3,8
3059,305,62,27,8,2,9
3400,340,62,21,8,1,9
4894,489,62,17,9,1,8
7094,709,62,16,5,2,9
7951,795,62,26,10,1,9
8885,888,62,25,10,1,9
5063,506,61,21,4,3,9
8134,813,61,35,7,1,8
8583,858,61,21,6,2,9
788,78,60,25,7,1,9
2099,209,60,23,10,2,9
7029,702,60,19,9,1,7
8945,894,60,21,7,1,9
69,6,59,17,7,1,8
247,24,59,25,8,1,8
1112,111,59,43,11,2,9
2532,253,59,14,8,1,8
4662,466,59,17,6,1,9
5336,533,59,15,7,1,8
8284,828,59,40,8,1,8
2480,248,58,17,6,3,7
2541,254,58,30,10,1,9
3792,379,58,20,9,1,9
4560,456,58,27,7,1,8
5330,533,58,27,9,3,9
6759,675,58,25,14,1,8
8107,810,58,23,9,2,8
8595,859,58,21,7,1,8
8850,885,58,35,10,2,9
1130,113,57,20,4,3,9
1474,147,57,22,8,1,8
1740,174,57,30,6,2,9
5221,522,57,11,6,1,9
5469,546,57,22,6,2,9
8196,819,57,17,6,2,9
9415,941,57,21,6,2,9
9707,970,57,18,7,1,9
9985,998,57,24,7,2,8
4300,430,56,28,6,1,9
5083,508,56,27,8,1,9
5189,518,56,19,7,1,9
5522,552,56,15,9,2,8
6876,687,56,18,7,1,9
7200,720,56,19,6,2,9
214,21,55,14,6,1,8
7087,708,55,24,7,1,8
7902,790,55,21,6,3,9
585,58,54,20,5,1,9
1098,109,54,19,6,1,8
1330,133,54,21,9,2,9
1499,149,54,15,6,1,8
2544,254,54,16,6,1,7
4293,429,54,26,7,3,9
5525,552,54,21,7,2,9
6946,694,54,21,8,3,9
8785,878,54,17,10,2,7
9442,944,54,18,6,2,9
9780,978,54,31,8,1,9
1110,111,53,25,11,2,7
3740,374,53,16,9,1,8
7833,783,53,21,6,2,9
9061,906,53,26,9,2,9
345,34,52,28,7,2,8
502,50,52,20,7,1,9
4439,443,52,20,6,3,9
4501,450,52,14,5,1,9
6273,627,52,17,5,2,7
8397,839,52,28,5,3,9
307,30,51,11,7,1,7
587,58,51,42,6,2,8
726,72,51,14,4,1,8
1027,102,51,27,9,2,9
1486,148,51,23,8,2,8
3952,395,51,26,8,1,9
4432,443,51,23,12,2,8
5392,539,51,20,4,3,9
5399,539,51,17,8,2,9
7355,735,51,18,6,3,9
7664,766,51,18,6,1,8
9045,904,51,23,7,2,9
54,5,50,17,2,2,8
1938,193,50,15,5,1,8
2700,270,50,21,9,1,8
4548,454,50,13,6,1,8
4889,488,50,23,8,1,8
5637,563,50,19,10,2,8
6083,608,50,13,6,1,8
6599,659,50,17,8,2,9
784,78,49,26,7,3,9
2406,240,49,16,7,1,8
4816,481,49,18,6,1,9
9170,917,49,21,5,3,9
9907,990,49,16,6,2,8
34,3,48,18,4,2,7
506,50,48,14,6,1,9
625,62,48,31,7,3,9
687,68,48,20,7,2,9
2197,219,48,13,7,1,9
2596,259,48,14,7,1,8
4624,462,48,18,4,2,9
5824,582,48,25,9,2,9
5930,593,48,21,8,1,8
7507,750,48,16,7,2,9
8278,827,48,21,6,3,8
8532,853,48,17,6,2,9
272,27,47,11,5,1,8
942,94,47,11,7,1,7
1550,155,47,19,6,1,7
2901,290,47,15,7,1,9
2913,291,47,19,10,1,9
3128,312,47,11,3,1,9
3142,314,47,17,8,3,9
4025,402,47,16,8,1,8
4603,460,47,9,4,1,9
5747,574,47,17,7,1,9
5971,597,47,16,6,1,8
6942,694,47,18,5,3,9
8418,841,47,10,6,1,7
7,0,46,38,12,2,6
1377,137,46,13,5,1,8
1538,153,46,45,7,3,2
2593,259,46,20,8,1,9
2805,280,46,21,8,1,9
2880,288,46,17,9,1,7
3270,327,46,37,6,2,9
3439,343,46,28,9,3,9
5246,524,46,17,5,3,9
5490,549,46,24,8,1,9
6047,604,46,17,7,1,9
6181,618,46,18,3,2,6
6221,622,46,12,6,2,8
6956,695,46,23,7,2,9
9463,946,46,12,6,1,8
9481,948,46,16,9,1,8
9864,986,46,17,4,2,8
3007,300,45,14,6,1,9
6480,648,45,30,6,1,9
9428,942,45,16,5,2,8
72,7,44,24,8,2,8
751,75,44,31,8,1,8
753,75,44,26,5,3,9
2267,226,44,15,6,1,8
2582,258,44,9,4,1,8
2783,278,44,12,5,1,8
3906,390,44,16,3,3,8
4553,455,44,18,8,1,8
5379,537,44,15,5,1,8
5581,558,44,11,6,1,8
7057,705,44,16,6,1,8
7896,789,44,15,3,3,8
9731,973,44,29,9,2,9
9843,984,44,14,7,1,8
9860,986,44,22,6,2,9
22,2,43,26,12,2,9
2909,290,43,16,6,1,9
4457,445,43,28,9,1,8
4625,462,43,12,8,1,8
6797,679,43,18,6,2,9
7240,724,43,18,7,1,9
7536,753,43,12,8,1,9
9226,922,43,24,9,1,9
9228,922,43,15,6,1,8
1097,109,42,13,5,1,7
2553,255,42,24,5,2,9
2669,266,42,19,6,1,9
4301,430,42,14,6,1,8
4511,451,42,17,6,3,9
5363,536,42,10,5,1,9
5566,556,42,20,8,1,8
5866,586,42,12,6,1,8
6075,607,42,12,5,1,8
8967,896,42,13,3,1,7
9139,913,42,19,5,1,8
9361,936,42,14,8,2,9
1549,154,41,16,6,1,9
3726,372,41,20,8,1,9
4281,428,41,16,4,3,9
5130,513,41,14,7,2,9
7607,760,41,11,5,1,9
7954,795,41,25,6,1,8
8151,815,41,15,9,1,9
9086,908,41,19,7,2,9
9381,938,41,11,5,1,8
9708,970,41,16,7,1,9
3652,365,40,13,3,2,9
4588,458,40,11,7,1,9
4686,468,40,12,4,2,9
5925,592,40,15,8,1,9
7987,798,40,20,9,1,9
8194,819,40,28,7,2,7
8306,830,40,26,8,2,8
8971,897,40,9,5,1,8
9583,958,40,18,7,1,9
9818,981,40,16,6,3,9
60,6,39,13,6,2,8
285,28,39,12,6,3,9
494,49,39,25,10,2,9
1440,144,39,15,6,2,9
2144,214,39,10,5,1,9
2613,261,39,14,6,1,9
2617,261,39,15,8,2,9
3091,309,39,13,8,3,9
3221,322,39,13,8,1,8
4307,430,39,24,5,2,9
4757,475,39,12,4,1,8
7680,768,39,16,7,1,9
1187,118,38,13,6,3,9
1749,174,38,6,4,1,8
2905,290,38,21,10,2,9
3088,308,38,10,4,1,8
3093,309,38,23,7,2,9
3125,312,38,14,6,1,8
3252,325,38,17,7,1,9
3630,363,38,29,8,2,9
4066,406,38,13,7,2,8
4476,447,38,12,6,1,9
6442,644,38,21,6,1,9
548,54,37,14,5,1,8
739,73,37,21,9,2,8
2839,283,37,13,5,1,8
4151,415,37,23,9,1,8
4531,453,37,14,8,2,8
5991,599,37,15,7,2,9
6857,685,37,17,6,2,9
7168,716,37,11,6,1,9
7250,725,37,29,4,2,5
9576,957,37,15,5,2,8
9734,973,37,11,8,1,8
9810,981,37,24,5,3,8
9903,990,37,19,6,1,8
650,65,36,12,3,2,8
661,66,36,9,5,1,8
1080,108,36,16,7,1,9
1170,117,36,14,5,2,9
1411,141,36,22,5,1,9
1435,143,36,16,6,1,8
2456,245,36,15,7,1,9
2921,292,36,12,5,1,8
3499,349,36,11,5,1,7
4409,440,36,12,8,1,8
4535,453,36,12,6,1,9
4870,487,36,17,6,1,6
5100,510,36,10,5,1,8
5339,533,36,17,7,2,9
5381,538,36,22,10,2,8
5900,590,36,16,9,2,9
5902,590,36,21,6,1,8
6078,607,36,13,5,1,8
6880,688,36,13,8,1,9
7537,753,36,15,10,1,9
8118,811,36,14,6,1,7
8838,883,36,14,5,2,7
8988,898,36,19,6,2,9
740,74,35,14,7,1,9
1144,114,35,11,5,2,8
1963,196,35,14,9,1,8
2014,201,35,20,5,3,9
2666,266,35,11,5,1,9
2916,291,35,10,6,1,7
2950,295,35,14,6,1,9
3889,388,35,15,6,1,9
3986,398,35,19,9,2,9
4188,418,35,10,5,1,9
4664,466,35,16,6,1,9
5106,510,35,17,4,1,9
5576,557,35,14,8,1,9
5761,576,35,10,5,1,8
6073,607,35,13,6,2,8
7075,707,35,8,6,2,8
7154,715,35,30,6,1,4
7892,789,35,15,10,1,9
8005,800,35,11,5,2,8
8035,803,35,19,6,1,7
8332,833,35,9,5,2,9
9211,921,35,16,10,1,9
9368,936,35,10,6,1,8
9593,959,35,10,3,2,8
188,18,34,22,10,2,8
888,88,34,12,5,2,8
1894,189,34,10,7,1,7
2232,223,34,12,7,1,9
3232,323,34,8,5,1,8
3233,323,34,13,6,1,8
3378,337,34,10,5,1,8
3794,379,34,9,8,1,9
4085,408,34,12,5,1,9
4463,446,34,11,6,1,7
5082,508,34,10,5,1,9
5829,582,34,13,7,1,8
6071,607,34,12,6,2,8
6537,653,34,15,10,1,8
7413,741,34,14,7,1,8
8946,894,34,14,7,1,8
9136,913,34,10,5,1,7
9482,948,34,14,6,1,9
9496,949,34,14,5,2,8
9901,990,34,29,3,3,6
53,5,33,16,5,2,8
271,27,33,13,6,1,9
684,68,33,18,4,1,7
1405,140,33,10,6,1,9
1639,163,33,14,6,2,8
3171,317,33,10,6,1,9
4595,459,33,13,4,1,8
4620,462,33,15,3,2,9
4901,490,33,10,3,1,9
5008,500,33,14,3,2,9
5632,563,33,14,8,2,9
5737,573,33,20,6,1,9
5817,581,33,8,5,1,9
6089,608,33,8,5,1,8
6095,609,33,11,7,2,9
6233,623,33,15,6,1,8
6239,623,33,28,6,2,7
6855,685,33,13,8,2,9
6874,687,33,15,6,1,8
8179,817,33,17,9,1,9
8616,861,33,24,4,2,7
8989,898,33,18,6,1,8
9224,922,33,15,6,1,9
9520,952,33,13,6,1,9
9530,953,33,20,5,2,9
9543,954,33,11,3,3,8
975,97,32,12,6,1,8
996,99,32,20,8,1,8
2000,200,32,10,6,1,9
2294,229,32,13,7,1,8
3187,318,32,11,7,1,7
3879,387,32,20,10,1,8
4323,432,32,7,4,2,8
4492,449,32,7,7,1,9
5007,500,32,28,7,2,4
5081,508,32,10,6,1,6
5180,518,32,14,5,2,9
6232,623,32,10,6,1,8
6404,640,32,16,7,2,8
6468,646,32,13,6,1,9
6809,680,32,10,7,1,7
8366,836,32,13,5,1,8
9859,985,32,13,7,1,8
189,18,31,14,7,1,7
659,65,31,12,3,1,9
1000,100,31,8,5,1,7
1005,100,31,16,8,2,8
1120,112,31,17,5,2,9
2729,272,31,11,6,1,8
2971,297,31,22,7,2,7
3104,310,31,11,7,1,7
3564,356,31,15,6,2,7
4180,418,31,12,3,1,9
6237,623,31,9,3,1,9
6486,648,31,12,6,1,9
6984,698,31,17,9,1,9
7027,702,31,14,4,2,9
7377,737,31,12,5,2,8
7514,751,31,11,5,1,9
7895,789,31,11,8,1,8
8751,875,31,13,6,1,7
8817,881,31,12,6,1,8
8907,890,31,12,5,1,9
9206,920,31,19,7,1,9
9250,925,31,8,4,1,7
9379,937,31,12,4,3,9
9500,950,31,13,6,1,8
45,4,30,14,8,1,9
98,9,30,17,6,1,9
769,76,30,11,5,1,9
1746,174,30,9,7,1,6
1932,193,30,8,5,1,8
2009,200,30,8,5,1,8
2020,202,30,14,7,1,8
2043,204,30,11,7,1,9
2192,219,30,26,9,2,4
2777,277,30,10,6,1,7
2856,285,30,8,3,1,8
3074,307,30,19,7,2,9
3181,318,30,15,7,2,9
3267,326,30,6,4,1,9
3287,328,30,19,8,2,9
3566,356,30,10,3,2,9
4656,465,30,10,9,1,7
4854,485,30,11,4,1,9
5349,534,30,21,8,3,6
6293,629,30,9,6,1,8
7342,734,30,9,4,1,7
7465,746,30,27,6,2,5
8634,863,30,10,6,1,9
9055,905,30,11,7,2,9
9840,984,30,12,6,2,8
565,56,29,11,4,1,8
655,65,29,10,5,1,8
1190,119,29,7,5,1,9
1618,161,29,13,7,1,8
1741,174,29,11,7,1,8
1876,187,29,9,5,1,9
2089,208,29,13,8,1,8
2245,224,29,13,6,1,9
2385,238,29,11,6,1,7
2979,297,29,7,5,1,7
3323,332,29,10,7,2,8
3758,375,29,20,8,2,8
4042,404,29,24,5,1,5
4261,426,29,16,7,1,9
5309,530,29,8,4,1,8
5549,554,29,11,6,2,9
5996,599,29,15,7,2,8
6245,624,29,7,4,1,7
6808,680,29,7,3,2,8
7314,731,29,16,8,1,8
7417,741,29,10,3,2,8
7797,779,29,11,6,1,8
8175,817,29,11,7,1,9
8251,825,29,14,7,2,8
9417,941,29,16,5,3,6
9440,944,29,10,5,1,6
9986,998,29,13,8,2,8
44,4,28,8,3,1,7
256,25,28,9,6,1,9
1162,116,28,12,6,1,7
1201,120,28,12,5,1,8
1300,130,28,18,4,1,9
1432,143,28,21,9,2,8
2389,238,28,7,5,1,8
2437,243,28,11,5,1,9
2444,244,28,11,5,2,9
3042,304,28,11,5,1,8
3163,316,28,12,6,2,9
3845,384,28,9,5,1,8
3869,386,28,9,5,1,9
3960,396,28,10,6,1,9
4200,420,28,15,6,1,8
4591,459,28,11,5,1,8
4791,479,28,13,7,1,8
5630,563,28,22,7,2,9
6775,677,28,16,7,1,8
8024,802,28,15,4,2,5
8328,832,28,13,6,2,9
9217,921,28,12,7,2,9
9423,942,28,9,4,1,8
147,14,27,19,7,1,7
662,66,27,13,6,2,9
743,74,27,16,5,1,9
750,75,27,20,6,1,9
838,83,27,12,4,1,9
1117,111,27,15,6,2,8
2023,202,27,11,5,1,8
2081,208,27,11,6,1,8
2497,249,27,5,4,1,8
2949,294,27,8,4,1,8
3224,322,27,7,5,1,9
3940,394,27,14,4,3,9
4035,403,27,20,6,3,8
4076,407,27,11,7,1,9
4234,423,27,15,5,2,6
4525,452,27,20,4,3,7
5011,501,27,8,3,1,8
5342,534,27,8,5,1,8
6028,602,27,9,5,1,9
7725,772,27,9,5,1,9
8099,809,27,8,4,1,8
8108,810,27,10,3,1,8
8121,812,27,7,6,1,9
8543,854,27,13,7,1,8
8863,886,27,10,5,1,9
9163,916,27,7,6,1,8
9431,943,27,10,4,1,8
9448,944,27,9,6,1,7
9696,969,27,11,8,1,8
19,1,26,6,3,1,7
816,81,26,18,7,2,7
957,95,26,13,5,1,9
1173,117,26,11,4,1,9
1274,127,26,14,8,1,7
1404,140,26,17,7,2,8
1832,183,26,8,4,1,9
2158,215,26,9,4,1,6
2429,242,26,13,6,1,7
2693,269,26,6,3,1,6
2835,283,26,11,4,2,8
3033,303,26,14,5,1,9
3448,344,26,14,4,1,9
3635,363,26,8,6,1,9
3706,370,26,7,5,1,7
4158,415,26,9,7,1,9
4192,419,26,26,8,3,1
4257,425,26,15,7,2,9
4587,458,26,7,7,1,8
4736,473,26,7,7,1,8
4806,480,26,7,5,1,7
4822,482,26,7,3,1,7
4988,498,26,10,5,1,9
5167,516,26,7,4,1,7
5177,517,26,5,4,1,7
5374,537,26,13,6,2,9
6085,608,26,7,5,1,8
6819,681,26,12,8,1,9
8081,808,26,13,7,3,9
8429,842,26,11,6,1,9
8443,844,26,11,6,1,6
227,22,25,14,7,2,9
375,37,25,8,6,1,9
1940,194,25,10,5,1,5
3275,327,25,17,5,2,8
3286,328,25,9,8,2,8
3332,333,25,7,3,1,9
5003,500,25,13,5,1,8
5068,506,25,12,4,2,8
5914,591,25,14,7,3,9
6103,610,25,6,4,1,9
6223,622,25,7,4,1,7
6257,625,25,12,7,1,8
6624,662,25,6,3,2,8
6862,686,25,12,8,1,7
7455,745,25,19,5,3,9
7480,748,25,19,3,3,4
7691,769,25,8,4,2,9
7904,790,25,9,5,1,8
8881,888,25,5,4,1,8
9051,905,25,11,6,1,9
9068,906,25,7,1,1,8
9385,938,25,22,7,3,7
9582,958,25,10,4,1,8
9949,994,25,8,6,1,7
63,6,24,8,6,1,8
101,10,24,15,8,1,8
143,14,24,19,8,2,5
554,55,24,9,5,1,8
780,78,24,22,7,2,6
819,81,24,14,4,1,9
865,86,24,9,4,1,8
1094,109,24,9,4,1,8
1101,110,24,11,4,1,9
1109,110,24,9,4,1,8
1143,114,24,6,5,1,8
1158,115,24,11,6,1,9
1520,152,24,7,4,1,8
1635,163,24,11,5,1,7
2795,279,24,13,6,1,9
2919,291,24,8,4,1,9
3032,303,24,12,5,1,9
3179,317,24,6,5,1,8
3965,396,24,6,4,1,8
4721,472,24,9,3,2,9
4823,482,24,12,8,2,7
5102,510,24,8,5,1,8
6444,644,24,12,4,2,8
6642,664,24,5,4,1,8
6911,691,24,11,6,3,9
7036,703,24,9,7,1,7
7181,718,24,7,5,2,8
7328,732,24,11,4,2,8
7619,761,24,8,4,1,7
7774,777,24,6,5,1,8
8462,846,24,13,4,3,9
8748,874,24,10,5,1,7
8842,884,24,16,7,2,7
9054,905,24,10,5,1,8
9060,906,24,21,6,2,5
9559,955,24,8,5,1,8
9701,970,24,8,3,1,8
9736,973,24,6,3,1,8
41,4,23,12,5,1,8
68,6,23,14,6,1,7
194,19,23,8,6,1,8
224,22,23,12,4,1,8
455,45,23,6,3,1,8
518,51,23,14,6,2,6
881,88,23,10,5,1,9
1076,107,23,9,3,2,7
1142,114,23,7,3,1,8
1175,117,23,8,4,1,9
1252,125,23,12,6,2,9
1602,160,23,7,4,1,6
1603,160,23,10,5,1,8
1967,196,23,9,4,1,9
2216,221,23,9,6,1,9
2675,267,23,6,5,1,7
2893,289,23,9,5,1,8
3020,302,23,8,5,1,7
3121,312,23,9,6,1,8
3281,328,23,13,6,1,7
3612,361,23,5,5,1,7
3883,388,23,6,4,1,9
3931,393,23,9,3,2,9
4142,414,23,15,9,1,9
4546,454,23,8,5,1,8
5306,530,23,9,4,1,8
5653,565,23,11,4,2,9
5766,576,23,6,4,1,8
6395,639,23,11,7,2,8
6465,646,23,13,7,1,7
6494,649,23,7,6,1,9
7123,712,23,9,5,1,9
7460,746,23,9,3,2,8
7461,746,23,14,7,1,9
7538,753,23,15,5,2,8
8704,870,23,6,5,1,7
8744,874,23,10,5,1,6
8845,884,23,18,8,3,6
9087,908,23,13,6,3,7
9134,913,23,10,6,1,9
9479,947,23,6,4,1,8
9515,951,23,8,5,1,8
9639,963,23,11,5,1,9
9703,970,23,13,5,1,9
9783,978,23,6,4,1,9
20,2,22,9,5,1,6
30,3,22,18,6,2,6
279,27,22,8,5,1,8
341,34,22,9,4,1,8
347,34,22,7,4,1,9
411,41,22,10,5,1,9
715,71,22,12,2,2,8
733,73,22,9,4,1,8
860,86,22,21,8,1,3
1111,111,22,8,7,1,9
1380,138,22,13,5,1,9
2431,243,22,9,4,1,8
2829,282,22,10,5,1,8
2906,290,22,14,6,1,8
3159,315,22,13,8,1,7
3175,317,22,15,5,2,7
3527,352,22,7,5,1,9
4524,452,22,7,2,2,8
4556,455,22,9,6,1,9
5533,553,22,9,6,2,8
5609,560,22,7,3,1,8
6080,608,22,9,4,2,8
6159,615,22,19,7,1,6
6377,637,22,8,3,1,9
6853,685,22,11,6,1,8
6997,699,22,8,5,1,8
7161,716,22,14,6,3,8
7162,716,22,5,2,1,7
7171,717,22,5,3,1,9
7275,727,22,10,4,1,6
7462,746,22,10,4,1,7
7682,768,22,11,6,1,8
7692,769,22,7,4,1,8
8103,810,22,6,4,1,7
8365,836,22,11,5,1,9
8419,841,22,9,5,1,8
9216,921,22,9,8,1,9
9351,935,22,13,5,2,7
9387,938,22,11,5,2,9
29,2,21,14,3,2,5
231,23,21,8,5,2,9
259,25,21,6,4,1,7
342,34,21,8,5,1,8
531,53,21,8,2,2,8
849,84,21,16,6,2,6
902,90,21,11,5,1,9
1531,153,21,9,7,1,8
1599,159,21,10,5,1,7
1795,179,21,6,4,1,9
1977,197,21,9,6,1,8
2160,216,21,5,3,1,8
2947,294,21,8,5,1,8
3384,338,21,8,5,1,9
4515,451,21,8,6,1,8
4555,455,21,11,3,3,9
4734,473,21,14,8,2,8
4946,494,21,6,4,1,7
5059,505,21,11,6,1,8
5138,513,21,6,4,2,8
5540,554,21,13,6,2,9
5544,554,21,16,6,1,6
5586,558,21,16,9,1,6
5752,575,21,9,5,1,8
6168,616,21,19,5,3,5
6281,628,21,6,4,1,9
6369,636,21,6,4,1,8
6850,685,21,13,5,1,9
7041,704,21,6,3,1,9
7189,718,21,5,4,1,7
7247,724,21,5,2,1,7
7332,733,21,6,4,1,8
7472,747,21,9,6,1,8
7738,773,21,4,4,1,7
8004,800,21,5,3,1,8
8391,839,21,5,4,1,8
9399,939,21,11,5,1,8
9438,943,21,11,4,1,9
9498,949,21,4,3,1,7
9505,950,21,14,6,1,5
9834,983,21,9,4,1,8
9847,984,21,12,6,2,8
9896,989,21,5,4,1,9
9898,989,21,5,4,1,7
43,4,20,9,4,2,8
62,6,20,9,4,2,8
456,45,20,10,6,1,9
638,63,20,7,6,1,8
741,74,20,9,3,2,7
787,78,20,15,5,2,8
831,83,20,7,3,1,8
933,93,20,8,4,2,9
1188,118,20,13,3,3,8
1584,158,20,5,4,1,7
1733,173,20,7,4,1,9
2049,204,20,10,6,1,8
2210,221,20,4,4,1,7
2219,221,20,7,5,1,7
3296,329,20,10,2,1,8
3395,339,20,10,6,1,8
3882,388,20,7,4,1,9
3961,396,20,7,4,1,8
4006,400,20,8,5,1,9
4055,405,20,11,5,1,6
4387,438,20,9,6,2,7
4819,481,20,18,5,2,5
5086,508,20,5,4,1,8
5226,522,20,8,5,1,7
5316,531,20,12,5,3,8
5323,532,20,6,4,1,8
5684,568,20,6,4,2,8
6101,610,20,7,6,1,8
6242,624,20,6,3,2,7
6440,644,20,6,4,2,9
6770,677,20,7,5,1,6
7292,729,20,10,6,1,9
7340,734,20,8,5,1,8
7437,743,20,5,3,1,7
7811,781,20,12,9,2,6
7919,791,20,9,4,2,9
7942,794,20,8,5,1,7
8602,860,20,5,3,1,9
8620,862,20,9,7,1,9
8736,873,20,12,6,2,8
8739,873,20,12,5,2,8
8774,877,20,6,4,1,7
8811,881,20,7,3,2,7
9067,906,20,7,5,1,9
9356,935,20,5,4,1,7
9382,938,20,14,7,3,6
9770,977,20,8,5,1,6
9870,987,20,8,5,1,8
9993,999,20,8,5,1,8
5,0,19,13,7,1,5
24,2,19,15,4,1,8
264,26,19,6,3,2,7
386,38,19,9,6,1,8
487,48,19,11,8,1,9
690,69,19,6,4,2,8
1059,105,19,7,4,2,8
1310,131,19,12,7,1,8
1414,141,19,8,5,1,8
1757,175,19,8,4,1,7
1765,176,19,16,5,1,7
1941,194,19,11,6,3,8
2024,202,19,5,3,1,8
2139,213,19,3,2,1,7
2288,228,19,7,4,1,9
2821,282,19,7,4,1,9
2887,288,19,4,2,2,9
2895,289,19,7,5,2,9
2900,290,19,10,7,1,7
3577,357,19,6,4,1,7
3844,384,19,8,4,1,9
3884,388,19,7,4,1,8
4458,445,19,5,3,1,8
4604,460,19,7,6,1,9
4745,474,19,8,5,1,7
4892,489,19,14,4,2,8
4935,493,19,12,6,1,9
5217,521,19,7,3,1,7
5279,527,19,10,5,2,5
5320,532,19,4,2,1,8
5421,542,19,9,7,1,7
5556,555,19,5,3,1,8
5842,584,19,7,2,2,9
5887,588,19,4,2,2,7
5959,595,19,6,4,1,7
5961,596,19,6,5,1,6
6122,612,19,6,5,1,8
6397,639,19,6,3,1,7
6574,657,19,7,4,1,7
6817,681,19,11,5,1,6
7354,735,19,8,6,1,9
7539,753,19,8,5,1,7
7544,754,19,5,3,1,9
7935,793,19,8,5,1,6
8076,807,19,15,6,2,5
8147,814,19,9,3,1,8
8590,859,19,10,3,1,8
8788,878,19,12,6,2,8
8922,892,19,5,4,1,8
9083,908,19,7,5,1,9
9195,919,19,6,4,1,8
9212,921,19,6,4,1,9
9378,937,19,7,5,1,8
9615,961,19,8,2,2,8
9785,978,19,9,4,1,8
9904,990,19,10,7,1,5
23,2,18,7,3,1,9
97,9,18,12,6,1,8
562,56,18,17,5,3,2
725,72,18,7,5,1,8
1151,115,18,10,6,1,8
1386,138,18,6,3,1,9
1840,184,18,6,3,1,8
2168,216,18,5,4,1,7
2277,227,18,4,2,1,8
2556,255,18,9,5,1,9
2920,292,18,17,9,1,4
3133,313,18,6,2,2,8
3174,317,18,12,6,2,8
3185,318,18,10,4,1,8
3218,321,18,7,5,1,7
3683,368,18,9,6,1,8
3933,393,18,10,6,1,9
3967,396,18,14,6,2,5
4020,402,18,9,5,1,9
4264,426,18,11,6,1,7
4388,438,18,14,5,1,7
4494,449,18,6,5,1,8
4652,465,18,10,4,1,9
4684,468,18,8,4,1,9
5201,520,18,7,7,1,8
5423,542,18,5,3,1,7
5454,545,18,5,3,1,7
5474,547,18,6,3,1,8
6305,630,18,6,3,1,9
6562,656,18,6,5,1,9
6610,661,18,8,5,1,7
6943,694,18,15,8,2,3
7019,701,18,4,4,1,8
7224,722,18,7,4,1,7
7365,736,18,16,8,1,5
7487,748,18,9,7,1,7
7492,749,18,13,8,1,6
7551,755,18,10,6,2,9
7801,780,18,8,6,1,9
7983,798,18,6,2,1,6
8106,810,18,6,5,1,9
8126,812,18,9,4,1,8
8330,833,18,18,5,2,3
8747,874,18,9,5,1,9
8936,893,18,10,6,2,8
9386,938,18,8,4,2,9
9430,943,18,6,5,1,8
9457,945,18,5,3,1,8
9563,956,18,3,3,1,8
9595,959,18,7,5,1,8
9809,980,18,7,3,2,9
9830,983,18,9,4,3,8
9853,985,18,13,5,2,6
9930,993,18,6,3,2,9
192,19,17,4,4,1,7
229,22,17,8,5,1,8
255,25,17,8,4,2,8
355,35,17,3,3,1,8
398,39,17,7,3,2,9
577,57,17,8,7,1,9
689,68,17,7,3,2,8
732,73,17,7,4,1,7
898,89,17,7,6,1,9
1034,103,17,8,3,1,9
1038,103,17,7,5,1,8
1206,120,17,8,6,1,8
1455,145,17,5,4,1,6
1622,162,17,3,2,1,7
1857,185,17,7,4,1,8
2692,269,17,6,3,1,7
2756,275,17,8,6,1,8
2889,288,17,10,5,1,9
2929,292,17,9,4,1,7
3067,306,17,6,5,1,5
3371,337,17,7,4,1,8
3402,340,17,16,9,1,2
3477,347,17,4,3,1,8
3498,349,17,5,3,1,8
3526,352,17,7,4,1,8
3627,362,17,8,4,1,8
3849,384,17,6,4,1,9
3989,398,17,7,4,1,8
4054,405,17,11,4,2,6
4159,415,17,6,4,1,5
4303,430,17,9,3,2,8
4425,442,17,6,2,1,7
4448,444,17,9,5,1,8
4558,455,17,9,5,2,9
4732,473,17,10,3,2,8
5033,503,17,6,3,1,6
5162,516,17,6,5,1,6
5477,547,17,5,4,1,6
5483,548,17,9,5,1,9
5487,548,17,4,2,1,7
6502,650,17,8,5,1,7
6741,674,17,5,3,2,8
6793,679,17,11,5,1,7
6973,697,17,4,3,1,9
7112,711,17,7,4,1,7
7179,717,17,5,4,1,6
9508,950,17,8,4,2,7
9540,954,17,4,1,1,8
9779,977,17,13,7,2,7
9781,978,17,16,7,2,3
9955,995,17,6,3,1,9
28,2,16,4,3,1,8
40,4,16,5,3,1,8
115,11,16,5,4,1,6
118,11,16,8,4,1,8
435,43,16,7,5,2,9
560,56,16,8,7,1,8
674,67,16,7,3,1,7
801,80,16,9,5,1,9
927,92,16,12,6,2,8
981,98,16,5,4,1,8
987,98,16,15,9,2,4
1079,107,16,8,5,1,8
1084,108,16,7,3,1,8
1090,109,16,16,5,1,3
1176,117,16,5,3,1,8
1421,142,16,5,3,1,8
1569,156,16,4,3,1,7
1617,161,16,7,5,2,7
1885,188,16,12,7,2,5
2517,251,16,7,6,1,8
2527,252,16,8,8,1,7
2603,260,16,6,4,1,8
2642,264,16,6,3,1,8
2771,277,16,8,4,1,5
2983,298,16,4,3,1,7
3036,303,16,4,3,1,7
3053,305,16,5,5,1,8
3070,307,16,6,3,1,9
3078,307,16,8,3,1,6
3188,318,16,7,5,2,9
3256,325,16,8,5,1,7
3279,327,16,8,2,1,9
3595,359,16,14,9,1,5
3798,379,16,7,5,1,7
3835,383,16,7,4,1,8
3864,386,16,6,5,1,9
3866,386,16,4,2,1,8
3926,392,16,5,3,1,7
4227,422,16,9,4,1,7
4373,437,16,6,2,1,9
4528,452,16,4,3,1,8
4723,472,16,6,4,1,7
5001,500,16,10,6,3,7
5088,508,16,7,4,1,7
5539,553,16,7,4,1,8
5605,560,16,12,5,2,5
5673,567,16,9,3,1,8
5841,584,16,5,3,1,8
5843,584,16,10,4,2,7
6126,612,16,15,8,2,2
6158,615,16,8,4,1,8
6333,633,16,6,3,1,7
6401,640,16,8,4,1,9
6587,658,16,5,4,1,6
6662,666,16,6,3,1,7
6773,677,16,6,4,1,8
6789,678,16,6,4,1,7
6795,679,16,7,5,1,6
7012,701,16,7,2,2,8
7132,713,16,9,5,1,6
7134,713,16,9,4,2,9
7464,746,16,8,5,1,8
7803,780,16,7,5,1,8
7834,783,16,5,5,1,7
8499,849,16,3,2,1,8
8527,852,16,6,4,1,8
8765,876,16,8,5,1,5
8783,878,16,6,3,2,7
8905,890,16,4,2,1,8
9019,901,16,4,4,1,7
9024,902,16,4,3,1,8
9116,911,16,13,7,2,6
9147,914,16,6,6,1,8
9192,919,16,4,3,1,7
9365,936,16,3,2,1,9
9406,940,16,4,4,1,8
9444,944,16,7,3,2,7
9464,946,16,5,4,1,7
9665,966,16,8,3,1,8
9822,982,16,7,4,1,7
9914,991,16,9,3,2,8
9998,999,16,8,5,1,6
46,4,15,8,4,1,8
190,19,15,4,4,1,7
219,21,15,8,4,1,8
286,28,15,6,4,1,7
430,43,15,4,2,1,9
593,59,15,5,3,1,8
634,63,15,9,8,2,9
707,70,15,8,2,1,9
711,71,15,7,4,1,7
718,71,15,4,2,2,7
990,99,15,7,3,1,7
1026,102,15,4,3,1,6
1039,103,15,5,3,1,7
1083,108,15,4,2,1,9
1138,113,15,8,4,1,7
1155,115,15,5,3,1,8
1180,118,15,4,2,1,6
1346,134,15,6,4,1,8
1441,144,15,5,2,1,9
1490,149,15,5,3,1,9
1691,169,15,7,3,1,3
1904,190,15,12,6,2,3
2041,204,15,5,3,1,6
2106,210,15,5,3,1,8
2365,236,15,6,3,1,6
2405,240,15,6,5,1,7
2436,243,15,6,4,1,7
2445,244,15,4,2,1,8
2688,268,15,7,3,2,7
2737,273,15,5,4,1,8
2743,274,15,8,4,2,9
3248,324,15,4,4,1,8
3423,342,15,4,4,1,6
3514,351,15,3,2,1,7
3521,352,15,4,2,1,7
3599,359,15,5,5,1,9
3637,363,15,5,4,1,8
3679,367,15,4,3,1,9
3789,378,15,8,5,1,8
3917,391,15,9,5,2,5
4246,424,15,6,2,1,7
4765,476,15,5,2,1,9
4771,477,15,10,6,2,6
4773,477,15,5,3,1,9
4817,481,15,13,6,1,5
4931,493,15,9,3,2,7
5347,534,15,8,5,1,7
5395,539,15,5,3,1,9
5485,548,15,5,3,1,7
5623,562,15,5,4,2,9
5679,567,15,6,3,1,6
5687,568,15,6,5,1,7
5730,573,15,8,5,1,6
5798,579,15,8,3,1,7
6025,602,15,4,3,1,7
6367,636,15,8,3,1,9
6525,652,15,6,4,1,9
6583,658,15,5,3,1,8
6691,669,15,15,8,2,2
6886,688,15,5,4,1,7
6976,697,15,5,5,1,9
7004,700,15,6,4,1,6
7106,710,15,8,3,1,8
7246,724,15,9,5,1,8
7430,743,15,8,3,3,8
7566,756,15,6,5,1,8
7906,790,15,9,5,1,7
8016,801,15,5,4,2,8
8110,811,15,8,6,1,7
8128,812,15,7,4,1,9
8155,815,15,7,5,2,8
8174,817,15,6,5,2,8
8319,831,15,7,6,1,8
8455,845,15,4,2,1,7
8821,882,15,4,4,1,5
9033,903,15,3,2,1,7
9038,903,15,5,4,1,9
9084,908,15,14,5,2,5
9160,916,15,9,7,1,8
9185,918,15,13,5,1,6
9456,945,15,5,3,1,8
9465,946,15,4,4,1,7
9833,983,15,4,3,1,8
9983,998,15,8,5,2,8
215,21,14,7,7,1,9
225,22,14,7,3,1,6
281,28,14,8,5,1,7
370,37,14,5,4,1,8
457,45,14,4,3,1,8
483,48,14,5,2,1,6
559,55,14,5,3,1,7
628,62,14,5,5,1,7
731,73,14,7,4,1,8
837,83,14,7,3,1,9
850,85,14,6,6,1,6
873,87,14,6,3,1,8
943,94,14,6,2,1,9
992,99,14,9,6,2,8
1150,115,14,13,6,1,5
1349,134,14,8,6,1,5
1370,137,14,6,5,1,8
1481,148,14,7,3,1,8
1868,186,14,3,3,1,8
1979,197,14,5,3,1,7
2015,201,14,8,4,2,9
2035,203,14,6,3,1,7
2096,209,14,7,3,1,4
2110,211,14,8,6,1,7
2281,228,14,9,5,1,6
2299,229,14,4,2,1,6
2370,237,14,5,4,1,8
2382,238,14,6,5,1,7
2442,244,14,3,2,1,6
2597,259,14,6,3,1,9
2768,276,14,6,5,1,7
2888,288,14,3,3,1,9
2974,297,14,6,5,1,6
3075,307,14,5,5,1,7
3227,322,14,5,4,1,8
3342,334,14,5,4,1,8
3586,358,14,6,5,1,9
3609,360,14,6,3,1,8
3909,390,14,6,5,1,5
3949,394,14,12,4,3,2
4079,407,14,5,4,1,7
4098,409,14,5,5,2,7
4497,449,14,10,6,2,7
4590,459,14,5,3,1,8
4634,463,14,6,5,1,8
4785,478,14,4,4,1,8
4994,499,14,6,3,1,8
5065,506,14,10,5,1,8
5069,506,14,12,6,2,4
5187,518,14,3,2,1,7
5270,527,14,4,3,1,7
5403,540,14,14,7,2,2
5801,580,14,5,4,1,7
6161,616,14,6,4,1,9
6364,636,14,5,4,1,8
6449,644,14,8,3,1,8
6520,652,14,7,4,2,7
6670,667,14,12,4,2,3
6803,680,14,5,2,1,7
6830,683,14,6,5,1,9
6947,694,14,5,4,1,9
7227,722,14,14,4,2,2
7361,736,14,10,3,2,5
7489,748,14,5,3,1,8
7502,750,14,10,7,1,5
7588,758,14,7,5,1,4
7645,764,14,4,4,1,8
7910,791,14,4,3,1,7
7920,792,14,2,2,1,7
8263,826,14,5,3,1,7
8341,834,14,5,4,1,6
8550,855,14,7,5,1,8
8554,855,14,6,4,1,7
8584,858,14,7,6,1,8
8733,873,14,5,3,1,8
8741,874,14,4,2,1,8
8819,881,14,6,3,1,5
9239,923,14,6,4,1,5
9409,940,14,12,4,1,4
9492,949,14,5,4,1,8
9511,951,14,7,4,1,7
9653,965,14,8,5,2,4
9670,967,14,7,4,1,6
9738,973,14,7,6,1,7
9759,975,14,5,2,1,7
9787,978,14,7,5,1,8
9835,983,14,5,2,1,9
9940,994,14,4,3,2,9
9970,997,14,8,5,1,7
154,15,13,5,3,2,9
162,16,13,6,3,1,9
242,24,13,7,5,1,7
282,28,13,3,2,1,5
556,55,13,10,3,2,5
734,73,13,5,3,1,8
842,84,13,5,3,1,8
891,89,13,6,4,1,8
929,92,13,3,2,1,7
963,96,13,6,3,2,6
1077,107,13,10,4,1,9
1251,125,13,5,3,1,7
1278,127,13,7,3,1,8
1400,140,13,4,3,1,8
1608,160,13,5,3,1,6
1609,160,13,5,3,1,9
2013,201,13,8,3,2,6
2022,202,13,13,4,1,2
2084,208,13,5,3,1,7
2363,236,13,4,2,1,7
2416,241,13,5,3,1,7
2434,243,13,6,5,1,8
2566,256,13,5,3,1,6
2588,258,13,6,3,1,7
2725,272,13,4,3,1,7
2884,288,13,3,2,1,7
2885,288,13,5,4,1,8
2993,299,13,4,2,1,7
3089,308,13,5,4,1,7
3408,340,13,4,3,1,6
3580,358,13,10,4,1,5
3655,365,13,4,4,1,7
3904,390,13,6,3,1,4
4255,425,13,6,4,1,7
4304,430,13,9,2,3,6
4394,439,13,6,3,2,8
4440,444,13,6,4,1,7
4481,448,13,4,4,1,7
4623,462,13,6,4,1,7
4643,464,13,4,4,1,8
4794,479,13,5,4,1,9
4833,483,13,5,3,1,5
4895,489,13,9,6,2,5
4922,492,13,5,3,1,7
4936,493,13,5,3,1,5
4938,493,13,4,2,1,7
5161,516,13,3,2,1,7
5340,534,13,6,3,1,8
5343,534,13,5,3,1,8
5455,545,13,7,4,2,7
5504,550,13,4,3,1,7
5602,560,13,9,6,2,7
5604,560,13,4,2,1,7
5608,560,13,6,4,1,8
5659,565,13,4,3,1,9
5764,576,13,4,3,1,7
5898,589,13,6,4,1,5
5932,593,13,9,7,2,5
6207,620,13,3,2,1,7
6255,625,13,8,5,2,7
6450,645,13,6,3,1,6
6692,669,13,7,5,1,7
6699,669,13,7,4,1,8
6739,673,13,6,5,1,7
6836,683,13,5,3,1,8
6843,684,13,3,2,1,7
6866,686,13,7,5,1,7
6944,694,13,9,4,3,5
7101,710,13,5,4,1,7
7144,714,13,6,5,1,6
7336,733,13,6,3,1,9
7463,746,13,10,4,1,4
7556,755,13,7,3,1,6
7601,760,13,7,6,1,8
7657,765,13,7,5,1,8
7674,767,13,8,3,1,5
7927,792,13,4,4,1,7
7971,797,13,4,3,1,6
8058,805,13,5,3,1,6
8288,828,13,10,6,2,4
8334,833,13,5,5,1,6
8453,845,13,4,4,1,7
8460,846,13,4,2,1,6
8587,858,13,12,5,1,2
8627,862,13,9,5,1,6
8725,872,13,13,8,1,2
8731,873,13,6,3,2,8
8810,881,13,6,4,1,8
8856,885,13,5,4,1,8
8930,893,13,5,4,1,8
8943,894,13,7,5,1,7
9393,939,13,5,4,1,8
9486,948,13,7,3,1,8
9527,952,13,13,6,2,2
9800,980,13,6,4,2,7
9820,982,13,4,3,1,8
9863,986,13,5,4,1,8
9883,988,13,9,6,1,3
9964,996,13,3,1,2,7
9987,998,13,10,5,3,6
32,3,12,4,2,1,7
116,11,12,3,3,1,7
205,20,12,2,1,1,6
376,37,12,8,4,1,6
391,39,12,4,3,1,7
643,64,12,7,5,1,6
667,66,12,12,5,1,3
706,70,12,5,3,1,4
724,72,12,10,4,2,6
756,75,12,11,6,2,3
778,77,12,12,3,2,1
863,86,12,5,4,1,8
931,93,12,3,2,1,7
950,95,12,10,6,1,3
1087,108,12,8,3,2,4
1214,121,12,5,2,1,8
1217,121,12,5,3,1,8
1235,123,12,6,4,1,9
1292,129,12,11,4,2,3
1535,153,12,5,3,1,6
1636,163,12,2,2,1,7
1718,171,12,3,2,2,8
1897,189,12,7,3,1,8
2012,201,12,4,3,1,6
2184,218,12,6,3,1,9
2224,222,12,6,4,1,8
2239,223,12,5,3,1,7
2368,236,12,4,3,1,6
2432,243,12,4,3,2,8
2472,247,12,5,5,1,7
2483,248,12,2,2,1,7
2559,255,12,6,3,1,7
2571,257,12,6,4,1,7
2614,261,12,3,3,1,8
2689,268,12,3,2,1,8
2793,279,12,9,5,1,3
2903,290,12,6,4,1,6
2968,296,12,2,2,1,7
3023,302,12,3,2,1,9
3107,310,12,5,3,1,7
3127,312,12,4,3,1,8
3156,315,12,4,3,1,7
3183,318,12,10,5,2,4
3276,327,12,4,3,1,7
3533,353,12,6,4,2,8
3634,363,12,6,4,1,5
3702,370,12,8,5,1,5
3790,379,12,3,2,1,6
3807,380,12,6,4,1,6
3855,385,12,6,4,1,8
3964,396,12,5,3,1,7
4041,404,12,4,3,1,8
4135,413,12,9,6,1,3
4179,417,12,8,3,1,6
4312,431,12,3,2,1,8
4345,434,12,3,2,1,7
4598,459,12,11,5,1,3
4707,470,12,6,3,2,8
4746,474,12,3,1,1,8
4944,494,12,7,5,1,5
4989,498,12,7,5,1,5
5087,508,12,7,4,1,7
5109,510,12,7,4,1,6
5222,522,12,6,4,1,8
5386,538,12,7,4,1,7
5489,548,12,7,4,1,7
5535,553,12,4,3,1,7
5675,567,12,7,4,1,6
5908,590,12,8,7,1,7
5917,591,12,5,3,1,9
5966,596,12,2,2,1,8
5992,599,12,7,4,2,7
6104,610,12,6,2,2,9
6153,615,12,9,7,1,8
6292,629,12,6,6,1,5
6324,632,12,3,3,1,6
6488,648,12,8,5,1,5
6538,653,12,7,6,1,6
6640,664,12,4,3,1,6
6681,668,12,6,5,1,6
6872,687,12,5,5,1,7
6883,688,12,2,2,1,7
6887,688,12,4,3,1,7
7098,709,12,4,4,1,6
7187,718,12,6,4,1,5
7216,721,12,6,6,2,8
7309,730,12,5,2,1,7
7382,738,12,6,5,1,5
7388,738,12,3,3,1,7
7504,750,12,8,6,1,8
7533,753,12,4,2,2,8
7550,755,12,4,3,1,8
7741,774,12,3,3,1,8
7789,778,12,6,3,1,7
7802,780,12,4,4,1,9
7815,781,12,3,3,1,8
7829,782,12,6,6,1,7
8062,806,12,4,4,1,6
8242,824,12,4,4,1,6
8322,832,12,3,2,1,8
8580,858,12,10,5,1,4
8674,867,12,4,2,1,7
8738,873,12,6,5,1,8
8975,897,12,4,3,1,6
9014,901,12,5,4,1,8
9161,916,12,5,4,1,9
9178,917,12,3,3,1,7
9204,920,12,3,3,1,8
9238,923,12,3,2,1,7
9259,925,12,9,5,1,5
9298,929,12,5,4,1,7
9301,930,12,4,4,1,8
9380,938,12,6,4,1,6
9525,952,12,6,4,1,7
9733,973,12,4,3,1,6
9745,974,12,8,5,1,6
11,1,11,5,4,1,7
31,3,11,3,2,1,6
168,16,11,3,2,1,6
243,24,11,8,4,1,6
246,24,11,10,6,1,3
360,36,11,2,2,1,6
378,37,11,4,2,1,6
399,39,11,3,3,1,8
553,55,11,2,2,1,7
614,61,11,4,4,1,7
771,77,11,10,5,1,4
882,88,11,7,3,2,7
1012,101,11,4,4,1,7
1037,103,11,5,3,2,5
1075,107,11,6,4,2,7
1341,134,11,8,5,1,4
1417,141,11,8,8,1,6
1425,142,11,5,3,1,8
1428,142,11,6,4,1,6
1493,149,11,7,3,1,5
1591,159,11,8,4,1,4
1656,165,11,4,3,1,7
1831,183,11,4,3,1,7
1850,185,11,4,4,1,5
1988,198,11,3,3,1,6
2107,210,11,4,3,1,5
2118,211,11,3,2,1,5
2125,212,11,4,3,1,6
2202,220,11,7,4,1,4
2475,247,11,4,3,1,7
2594,259,11,3,3,1,6
2660,266,11,2,2,1,7
2722,272,11,4,3,2,8
2804,280,11,4,2,1,7
2897,289,11,5,4,1,7
2925,292,11,6,5,1,8
2999,299,11,3,3,1,8
3071,307,11,5,3,1,9
3154,315,11,3,3,1,8
3180,318,11,2,2,1,7
3190,319,11,5,3,1,7
3261,326,11,5,5,1,9
3278,327,11,5,3,1,5
3283,328,11,4,3,1,9
3334,333,11,2,1,1,7
3396,339,11,6,5,1,5
3421,342,11,5,4,1,9
3485,348,11,7,5,1,8
3517,351,11,5,3,1,8
3563,356,11,4,3,1,8
3587,358,11,7,5,1,6
3618,361,11,10,2,2,3
3689,368,11,6,4,1,7
3799,379,11,7,4,1,7
3805,380,11,6,3,1,5
3934,393,11,8,5,1,4
3945,394,11,6,2,2,8
4038,403,11,11,8,1,4
4220,422,11,11,3,1,1
4526,452,11,4,2,1,6
4568,456,11,6,3,1,6
4614,461,11,6,6,2,7
4772,477,11,5,4,3,9
4863,486,11,3,2,1,6
4874,487,11,2,2,1,7
4885,488,11,8,5,1,5
4939,493,11,7,6,1,7
5072,507,11,4,3,1,7
5103,510,11,8,5,2,5
5165,516,11,5,4,1,7
5366,536,11,4,2,1,6
5488,548,11,4,3,2,9
5502,550,11,5,2,1,7
5513,551,11,6,3,1,6
5640,564,11,4,3,1,8
5812,581,11,3,3,1,6
5883,588,11,5,4,1,8
5993,599,11,4,3,2,8
6070,607,11,8,4,1,5
6096,609,11,6,4,1,5
6120,612,11,4,3,1,6
6179,617,11,2,2,1,7
6253,625,11,4,4,1,5
6286,628,11,4,3,1,9
6330,633,11,4,3,1,8
6567,656,11,4,3,1,6
6652,665,11,3,2,1,8
6879,687,11,5,4,1,8
6959,695,11,10,5,2,3
7028,702,11,6,4,1,7
7095,709,11,4,3,1,6
7152,715,11,7,5,2,7
7271,727,11,7,4,1,5
7418,741,11,4,4,1,8
7439,743,11,6,4,1,7
7500,750,11,3,2,2,7
7553,755,11,8,3,1,7
7597,759,11,10,5,2,4
7667,766,11,4,3,2,9
7715,771,11,7,4,1,9
7900,790,11,7,3,2,7
7905,790,11,5,3,2,4
7943,794,11,5,4,1,8
8148,814,11,6,3,2,7
8260,826,11,7,6,1,6
8292,829,11,6,3,1,6
8572,857,11,3,3,2,7
8603,860,11,8,5,2,3
8610,861,11,6,3,1,6
8689,868,11,5,3,1,8
8732,873,11,4,4,1,9
8812,881,11,8,5,1,6
8828,882,11,2,2,1,7
9009,900,11,6,6,1,7
9095,909,11,8,5,3,7
9168,916,11,5,4,1,8
9190,919,11,5,4,1,8
9310,931,11,4,3,1,7
9331,933,11,6,4,1,7
9373,937,11,4,3,1,9
9426,942,11,8,5,1,5
9466,946,11,7,5,1,6
9513,951,11,6,5,1,8
9579,957,11,4,3,1,7
9638,963,11,4,3,1,7
9647,964,11,4,2,1,5
9744,974,11,4,3,1,8
9747,974,11,7,3,2,5
9813,981,11,9,4,1,4
9836,983,11,6,3,1,7
9917,991,11,9,8,1,7
9937,993,11,4,3,1,7
86,8,10,4,3,1,8
155,15,10,7,6,1,7
165,16,10,3,1,1,7
357,35,10,9,4,1,3
371,37,10,7,3,2,4
402,40,10,3,2,1,8
479,47,10,7,5,1,5
492,49,10,3,3,1,7
606,60,10,10,4,2,1
610,61,10,3,2,1,7
618,61,10,4,2,1,6
785,78,10,10,6,1,1
828,82,10,7,4,1,6
851,85,10,3,2,1,9
972,97,10,4,3,1,8
1028,102,10,7,6,1,5
1086,108,10,6,5,2,6
1182,118,10,5,3,1,7
1276,127,10,6,3,1,8
1283,128,10,2,1,1,6
1436,143,10,3,3,1,6
1470,147,10,3,3,1,6
1477,147,10,8,6,2,3
1480,148,10,8,5,1,4
1496,149,10,9,4,2,2
1701,170,10,2,2,1,7
1717,171,10,4,3,1,5
1781,178,10,9,6,1,7
1807,180,10,4,3,1,7
1877,187,10,6,4,1,6
1883,188,10,5,4,1,8
1906,190,10,3,2,1,6
1929,192,10,3,3,1,8
2029,202,10,7,5,1,6
2205,220,10,4,3,1,7
2258,225,10,3,3,1,6
2608,260,10,3,2,1,7
2619,261,10,4,3,1,7
2742,274,10,3,2,1,7
2824,282,10,5,3,1,7
2922,292,10,3,3,1,7
3009,300,10,3,3,1,6
3049,304,10,4,4,1,7
3095,309,10,4,3,1,7
3111,311,10,4,4,1,8
3173,317,10,8,4,1,5
3194,319,10,5,4,1,8
3195,319,10,8,3,1,7
3209,320,10,4,3,1,6
3268,326,10,4,1,1,6
3284,328,10,6,3,2,5
3317,331,10,2,2,1,8
3350,335,10,5,4,1,6
3387,338,10,4,4,1,7
3471,347,10,5,3,1,6
3493,349,10,6,5,1,7
3501,350,10,5,4,1,6
3548,354,10,7,5,1,7
3578,357,10,7,5,1,7
3592,359,10,2,2,1,7
3621,362,10,6,3,1,5
3638,363,10,5,2,1,6
3672,367,10,5,3,1,5
3693,369,10,3,3,1,8
3822,382,10,3,3,1,8
3843,384,10,4,4,1,9
4021,402,10,6,5,1,6
4119,411,10,4,4,1,7
4224,422,10,7,5,1,6
4248,424,10,9,4,2,3
4306,430,10,2,2,1,9
4317,431,10,4,3,1,8
4399,439,10,6,3,1,5
4444,444,10,3,3,1,6
4460,446,10,2,2,1,6
4582,458,10,5,4,1,7
4666,466,10,5,4,1,7
4891,489,10,6,4,1,6
5000,500,10,9,6,2,4
5064,506,10,5,4,1,6
5084,508,10,9,6,1,2
5275,527,10,6,3,1,7
5335,533,10,6,5,2,7
5447,544,10,10,6,1,2
5467,546,10,3,3,1,5
5520,552,10,4,4,1,6
5534,553,10,3,2,2,8
5560,556,10,4,2,1,8
5742,574,10,6,3,1,4
5816,581,10,2,2,1,8
5903,590,10,5,3,1,8
5965,596,10,8,6,2,5
6189,618,10,3,3,1,5
6258,625,10,3,2,1,7
6271,627,10,5,4,1,6
6272,627,10,7,4,2,6
6445,644,10,6,3,1,8
6492,649,10,7,3,1,6
6576,657,10,5,5,1,6
6625,662,10,7,4,1,5
6648,664,10,6,4,1,4
6667,666,10,3,2,1,7
6689,668,10,3,3,1,7
6730,673,10,2,1,1,6
6742,674,10,5,5,1,7
6769,676,10,3,3,1,9
6799,679,10,5,5,1,7
6838,683,10,10,4,1,2
6861,686,10,4,4,1,6
6869,686,10,4,4,1,5
6931,693,10,10,7,1,1
6958,695,10,2,2,1,7
7679,767,10,6,4,1,6
7754,775,10,4,2,1,6
7772,777,10,6,4,1,6
7784,778,10,4,3,2,6
7808,780,10,4,3,1,8
7816,781,10,5,4,1,7
7819,781,10,4,3,1,5
7840,784,10,6,4,1,6
7843,784,10,4,3,1,7
8002,800,10,7,4,1,5
8100,810,10,3,3,1,8
8105,810,10,7,5,1,3
8150,815,10,4,3,1,8
8153,815,10,3,1,1,7
8354,835,10,2,2,1,8
8392,839,10,2,2,1,7
8396,839,10,4,2,1,7
8399,839,10,4,4,1,7
8470,847,10,5,4,1,7
8558,855,10,2,2,2,7
8600,860,10,7,3,1,5
8816,881,10,4,4,1,7
8841,884,10,3,2,1,7
8876,887,10,4,3,1,5
8900,890,10,5,3,1,9
8902,890,10,5,3,1,7
8913,891,10,9,4,1,6
8932,893,10,3,3,1,6
8938,893,10,8,4,2,4
9031,903,10,6,6,1,7
9078,907,10,5,5,1,5
9115,911,10,7,4,1,5
9189,918,10,3,3,1,6
9268,926,10,3,2,1,8
9346,934,10,4,3,1,7
9420,942,10,9,4,2,2
9575,957,10,8,3,1,6
9702,970,10,4,2,1,7
9709,970,10,7,6,1,6
9732,973,10,4,2,1,8
9778,977,10,4,2,1,9
9798,979,10,5,5,1,5
9817,981,10,3,2,1,6
9897,989,10,10,5,2,3
9958,995,10,6,4,1,6
65,6,9,9,4,2,3
99,9,9,3,2,1,8
119,11,9,6,3,1,6
125,12,9,5,3,1,7
197,19,9,9,4,1,3
222,22,9,3,3,1,7
343,34,9,2,2,1,6
404,40,9,3,2,1,5
500,50,9,5,4,2,7
569,56,9,2,2,1,7
571,57,9,4,4,1,6
579,57,9,5,4,1,6
598,59,9,2,1,1,6
654,65,9,2,2,1,7
656,65,9,5,4,1,8
666,66,9,6,3,1,4
744,74,9,4,3,1,8
761,76,9,3,3,1,8
830,83,9,6,4,2,4
839,83,9,8,5,1,2
884,88,9,5,4,1,6
903,90,9,5,4,1,7
928,92,9,3,3,1,7
961,96,9,7,6,2,3
973,97,9,5,3,2,6
977,97,9,5,3,1,6
980,98,9,4,3,1,6
1013,101,9,4,2,1,8
1029,102,9,9,8,1,1
1119,111,9,4,3,1,7
1178,117,9,4,4,1,4
1203,120,9,5,2,2,5
1306,130,9,3,3,1,8
1360,136,9,6,5,1,5
1373,137,9,2,2,1,6
1403,140,9,2,2,1,8
1443,144,9,4,3,1,7
1456,145,9,9,6,2,1
1464,146,9,2,2,1,5
1551,155,9,4,2,1,5
1578,157,9,6,3,1,4
1596,159,9,5,3,2,7
1747,174,9,3,2,1,7
1770,177,9,2,2,1,5
1782,178,9,2,1,1,7
1806,180,9,3,3,1,6
1862,186,9,4,3,1,5
1874,187,9,3,3,1,6
2061,206,9,3,2,1,8
2082,208,9,3,2,1,5
2113,211,9,4,3,1,7
2138,213,9,3,2,1,7
2199,219,9,2,2,1,8
2214,221,9,3,2,1,7
2221,222,9,3,2,1,4
2408,240,9,3,1,1,6
2447,244,9,4,4,1,7
2505,250,9,6,2,2,5
2516,251,9,5,2,2,6
2551,255,9,4,3,1,7
2586,258,9,3,3,1,8
2706,270,9,7,4,1,4
2710,271,9,6,2,1,3
2741,274,9,6,3,1,6
2747,274,9,7,4,1,4
2827,282,9,9,3,2,3
2861,286,9,5,5,1,4
2877,287,9,7,5,1,6
2931,293,9,4,1,1,6
2967,296,9,3,3,2,7
3028,302,9,5,4,1,8
3090,309,9,8,6,1,4
3204,320,9,7,2,1,5
3236,323,9,6,5,2,4
3237,323,9,5,3,1,6
3339,333,9,3,1,2,7
3360,336,9,4,4,1,7
3364,336,9,2,2,1,7
3383,338,9,9,6,1,1
3410,341,9,3,2,1,4
3730,373,9,7,5,1,7
3968,396,9,8,6,1,2
3974,397,9,7,5,2,5
4125,412,9,4,2,1,5
4149,414,9,4,3,1,8
4154,415,9,7,4,1,4
4164,416,9,6,3,2,5
4245,424,9,5,4,1,5
4269,426,9,6,5,1,6
4495,449,9,4,3,1,8
4663,466,9,5,4,1,7
4715,471,9,2,2,1,5
4747,474,9,4,4,1,8
4796,479,9,5,5,1,3
4910,491,9,3,2,1,6
4932,493,9,4,3,1,7
4953,495,9,2,2,1,5
4974,497,9,3,2,1,7
5014,501,9,1,1,1,9
5027,502,9,9,6,1,1
5075,507,9,2,2,1,6
5101,510,9,3,2,1,7
5143,514,9,6,6,1,7
5318,531,9,2,2,1,6
5497,549,9,2,2,1,7
5505,550,9,7,4,1,5
5524,552,9,4,1,1,7
5671,567,9,2,2,1,7
5676,567,9,3,2,1,6
5677,567,9,3,1,2,6
5715,571,9,2,2,1,6
5746,574,9,7,4,1,6
5869,586,9,4,4,1,7
5881,588,9,3,3,2,8
5889,588,9,4,4,1,6
5919,591,9,3,3,2,7
6196,619,9,3,2,1,6
6220,622,9,4,4,1,8
6240,624,9,3,3,1,6
6267,626,9,3,2,1,6
6301,630,9,5,3,1,6
6441,644,9,6,4,1,7
6511,651,9,6,3,1,8
6523,652,9,4,2,1,6
6558,655,9,3,2,1,7
6594,659,9,3,3,1,5
6619,661,9,4,4,1,5
6638,663,9,2,2,1,8
6762,676,9,4,2,1,7
6802,680,9,8,5,1,3
6846,684,9,7,5,1,5
6935,693,9,5,3,1,6
6977,697,9,3,2,1,7
7011,701,9,5,4,1,6
7099,709,9,8,3,2,2
7108,710,9,8,4,1,6
7150,715,9,5,3,1,8
7204,720,9,2,2,1,6
7229,722,9,2,1,1,8
7232,723,9,5,3,1,4
7276,727,9,3,3,1,5
7334,733,9,3,2,1,3
7383,738,9,3,2,1,7
7515,751,9,2,2,1,7
7535,753,9,5,5,1,6
7542,754,9,4,2,1,4
7653,765,9,2,2,1,6
7684,768,9,5,4,2,5
7687,768,9,2,1,1,7
7737,773,9,8,4,2,4
7753,775,9,5,5,1,6
7891,789,9,6,4,1,6
7944,794,9,4,3,1,5
7955,795,9,5,3,1,6
8152,815,9,6,3,2,6
8216,821,9,2,2,1,7
8240,824,9,3,2,1,5
8258,825,9,3,3,1,7
8303,830,9,2,2,1,6
8457,845,9,6,4,1,5
8637,863,9,6,2,1,6
8680,868,9,3,3,1,7
8737,873,9,4,3,1,6
8742,874,9,4,3,1,4
8743,874,9,6,4,1,5
8793,879,9,3,3,1,7
8800,880,9,5,3,2,6
8803,880,9,3,2,1,7
8844,884,9,2,2,1,8
8860,886,9,8,4,1,5
8923,892,9,5,2,2,6
9127,912,9,3,2,1,6
9130,913,9,4,3,1,6
9203,920,9,3,2,1,4
9247,924,9,5,3,1,8
9389,938,9,6,3,2,4
9392,939,9,6,5,1,6
9402,940,9,5,3,2,4
9422,942,9,4,2,1,7
9532,953,9,5,3,2,5
9539,953,9,4,3,1,5
9554,955,9,4,3,1,5
9636,963,9,2,2,1,9
9641,964,9,4,3,1,7
9651,965,9,3,3,1,8
9714,971,9,5,5,1,4
9739,973,9,9,6,1,2
9746,974,9,6,5,1,5
9758,975,9,7,5,1,4
9761,976,9,5,4,1,7
9766,976,9,4,3,1,6
9827,982,9,3,1,1,8
9838,983,9,3,3,1,5
9845,984,9,5,1,1,7
9850,985,9,6,5,1,6
9871,987,9,4,4,1,6
58,5,8,5,2,1,5
74,7,8,3,2,1,7
95,9,8,2,2,1,5
132,13,8,3,3,1,7
193,19,8,4,3,1,4
204,20,8,2,2,1,8
248,24,8,3,3,1,6
257,25,8,4,3,1,5
266,26,8,4,4,1,5
346,34,8,6,3,1,3
393,39,8,4,2,1,7
436,43,8,3,1,1,5
507,50,8,8,5,2,3
530,53,8,7,3,1,5
635,63,8,2,2,1,6
686,68,8,8,4,2,1
738,73,8,7,5,1,4
760,76,8,4,4,1,6
777,77,8,2,2,1,7
807,80,8,4,3,1,6
820,82,8,5,2,2,5
825,82,8,3,2,1,6
834,83,8,5,4,1,4
846,84,8,3,3,1,7
894,89,8,4,3,1,4
901,90,8,3,2,1,6
924,92,8,3,2,1,6
1002,100,8,5,3,1,6
1007,100,8,2,2,1,7
1018,101,8,2,2,1,7
1022,102,8,2,1,1,7
1071,107,8,5,4,1,6
1078,107,8,4,2,2,5
1093,109,8,7,4,1,3
1114,111,8,4,3,1,5
1152,115,8,8,3,1,2
1172,117,8,3,3,1,7
1177,117,8,7,4,1,3
1208,120,8,8,7,1,1
1212,121,8,4,3,1,7
1324,132,8,5,4,1,6
1366,136,8,5,5,1,5
1379,137,8,8,4,1,2
1392,139,8,2,1,1,7
1461,146,8,3,2,1,8
1463,146,8,3,3,1,7
1482,148,8,7,5,2,2
1492,149,8,5,3,1,6
1512,151,8,5,4,1,5
1513,151,8,3,1,2,7
1568,156,8,4,1,2,6
1637,163,8,4,3,1,5
1640,164,8,2,2,1,5
1641,164,8,3,2,1,6
1645,164,8,8,2,1,1
1754,175,8,4,3,2,6
1755,175,8,3,3,1,6
1798,179,8,8,5,2,5
1896,189,8,5,4,1,4
1944,194,8,3,3,1,8
1991,199,8,5,5,1,6
2046,204,8,3,2,1,5
2077,207,8,3,3,1,5
2093,209,8,3,2,1,5
2131,213,8,1,1,1,8
2186,218,8,3,2,1,5
2195,219,8,2,2,1,6
2276,227,8,2,2,1,7
2348,234,8,4,4,1,5
2451,245,8,2,2,1,7
2503,250,8,8,5,2,3
2529,252,8,6,4,1,4
2555,255,8,4,3,1,8
2587,258,8,2,2,1,6
2618,261,8,1,1,1,8
2695,269,8,6,4,2,5
2705,270,8,1,1,1,8
2709,270,8,4,3,1,5
2917,291,8,2,2,1,6
2932,293,8,3,2,1,6
2998,299,8,3,1,1,7
3039,303,8,4,2,2,5
3086,308,8,3,3,1,7
3092,309,8,5,3,1,6
3105,310,8,3,3,1,5
3153,315,8,5,3,2,6
3189,318,8,1,1,1,8
3212,321,8,8,3,2,2
3213,321,8,4,3,1,5
3299,329,8,3,2,1,5
3302,330,8,5,4,1,7
3345,334,8,3,3,1,5
3369,336,8,3,1,1,8
3435,343,8,4,4,2,6
3479,347,8,2,2,1,6
3487,348,8,7,4,1,3
3500,350,8,2,2,1,8
3520,352,8,2,2,1,8
3529,352,8,6,3,1,5
3687,368,8,3,3,1,7
3709,370,8,6,6,1,5
3714,371,8,3,3,1,8
3753,375,8,2,2,1,6
3848,384,8,2,2,1,7
3903,390,8,4,2,1,7
3919,391,8,2,2,1,5
3930,393,8,3,2,1,7
3963,396,8,7,6,1,3
4024,402,8,8,5,1,2
4047,404,8,4,2,1,6
4052,405,8,5,3,1,5
4063,406,8,8,4,1,2
4071,407,8,4,3,1,5
4139,413,8,2,1,1,8
4209,420,8,2,2,1,8
4258,425,8,3,3,1,7
4299,429,8,8,5,1,1
4319,431,8,4,3,2,7
4352,435,8,4,4,1,6
4374,437,8,8,7,2,3
4401,440,8,3,2,1,8
4450,445,8,5,5,2,6
4466,446,8,5,2,2,6
4496,449,8,3,2,2,7
4544,454,8,4,4,1,5
4621,462,8,8,4,1,3
4687,468,8,2,2,1,6
4704,470,8,1,1,1,8
4841,484,8,2,1,1,5
4983,498,8,3,3,1,7
5009,500,8,7,3,1,5
5118,511,8,3,2,1,6
5152,515,8,2,2,1,4
5193,519,8,2,2,1,5
5206,520,8,5,3,1,5
5262,526,8,2,2,1,5
5278,527,8,7,4,1,3
5313,531,8,4,2,1,5
5353,535,8,7,5,1,5
5387,538,8,3,3,1,4
5484,548,8,7,4,1,3
5547,554,8,6,4,2,4
5572,557,8,5,3,1,5
5600,560,8,2,2,1,8
5661,566,8,3,2,1,7
5669,566,8,5,4,1,4
5729,572,8,2,2,1,6
5738,573,8,4,3,1,7
5739,573,8,5,3,2,6
5793,579,8,5,2,1,5
5857,585,8,2,2,1,6
5921,592,8,2,1,1,7
5949,594,8,5,5,1,5
5995,599,8,5,4,2,4
6013,601,8,5,4,1,5
6097,609,8,5,2,2,6
6318,631,8,2,1,1,6
6353,635,8,4,2,1,6
6402,640,8,7,3,1,2
6403,640,8,6,5,2,4
6405,640,8,8,3,1,3
6513,651,8,2,1,1,7
6565,656,8,6,4,1,4
6602,660,8,2,2,1,8
6644,664,8,3,2,1,7
6711,671,8,4,4,1,6
6753,675,8,3,2,1,7
6816,681,8,4,3,1,5
6822,682,8,5,4,2,5
6824,682,8,6,4,1,3
6860,686,8,2,2,1,4
6875,687,8,3,3,1,8
6983,698,8,5,4,1,5
7006,700,8,4,4,1,6
7040,704,8,6,4,1,6
7182,718,8,3,3,1,7
7274,727,8,2,2,1,5
7321,732,8,4,3,1,7
7404,740,8,3,3,1,5
7458,745,8,1,1,1,8
7522,752,8,8,4,2,2
7629,762,8,1,1,1,8
7722,772,8,4,3,1,5
7888,788,8,3,2,1,6
7947,794,8,3,3,1,7
7949,794,8,3,3,1,7
8052,805,8,5,3,2,4
8115,811,8,5,3,1,5
8170,817,8,4,4,1,7
8212,821,8,8,1,2,1
8252,825,8,6,5,1,7
8267,826,8,3,2,1,7
8358,835,8,2,2,1,7
8478,847,8,4,2,2,6
8519,851,8,3,3,1,6
8563,856,8,3,3,1,6
8705,870,8,2,2,1,7
8714,871,8,5,3,2,4
8746,874,8,8,4,2,2
8767,876,8,3,3,2,7
8772,877,8,5,4,1,5
8789,878,8,3,3,1,4
8791,879,8,3,3,1,7
8813,881,8,3,2,1,7
8823,882,8,3,3,1,6
8864,886,8,3,3,1,7
8887,888,8,2,2,1,7
8895,889,8,2,2,1,8
9064,906,8,7,4,1,4
9090,909,8,2,2,1,8
9093,909,8,8,4,2,2
9112,911,8,5,3,1,5
9122,912,8,6,4,1,5
9162,916,8,3,3,1,7
9202,920,8,3,2,2,8
9377,937,8,2,2,1,5
9592,959,8,5,3,1,5
9594,959,8,6,4,1,3
9652,965,8,2,2,1,5
9723,972,8,3,2,1,5
9764,976,8,4,4,1,6
9777,977,8,3,3,1,7
9795,979,8,4,3,1,3
9828,982,8,4,4,1,6
9899,989,8,2,2,1,6
9979,997,8,2,2,1,7
36,3,7,2,2,1,4
37,3,7,4,2,1,6
39,3,7,3,3,1,5
55,5,7,7,2,1,2
121,12,7,4,3,2,6
149,14,7,3,3,1,6
161,16,7,2,2,1,7
179,17,7,2,2,1,5
186,18,7,4,3,2,4
195,19,7,3,2,1,3
213,21,7,6,2,1,5
236,23,7,7,6,1,3
284,28,7,4,3,1,5
359,35,7,1,1,1,7
363,36,7,2,2,1,7
395,39,7,4,3,1,5
499,49,7,4,3,1,6
550,55,7,2,1,1,5
555,55,7,6,5,1,4
601,60,7,1,1,1,7
603,60,7,3,2,2,7
632,63,7,3,3,1,6
633,63,7,2,1,1,6
700,70,7,1,1,1,7
737,73,7,3,3,1,6
793,79,7,5,3,1,6
815,81,7,4,2,1,4
833,83,7,3,3,1,6
886,88,7,3,2,1,7
956,95,7,7,4,1,1
997,99,7,3,3,1,7
998,99,7,2,2,1,6
1001,100,7,5,4,1,5
1035,103,7,6,4,1,4
1200,120,7,1,1,1,7
1222,122,7,3,1,2,7
1225,122,7,2,1,1,4
1238,123,7,7,2,3,2
1247,124,7,5,3,1,5
1327,132,7,4,3,1,6
1332,133,7,6,3,1,4
1397,139,7,2,2,1,7
1419,141,7,4,2,1,5
1491,149,7,2,1,1,5
1611,161,7,2,2,1,5
1629,162,7,2,1,1,6
1663,166,7,5,3,1,5
1673,167,7,2,2,1,7
1742,174,7,4,3,1,3
1752,175,7,1,1,1,7
1792,179,7,1,1,1,7
1848,184,7,2,2,1,6
1860,186,7,4,4,1,5
1867,186,7,3,3,1,5
1901,190,7,3,3,2,7
1958,195,7,4,2,1,6
1984,198,7,4,2,1,4
1997,199,7,3,3,1,6
2036,203,7,1,1,1,7
2058,205,7,3,3,1,6
2062,206,7,3,3,1,6
2120,212,7,2,2,1,5
2155,215,7,3,3,1,5
2178,217,7,1,1,1,7
2260,226,7,2,2,1,6
2287,228,7,7,6,2,2
2347,234,7,4,3,1,5
2446,244,7,2,2,1,7
2543,254,7,7,4,1,1
2578,257,7,4,3,1,6
2581,258,7,4,3,1,4
2648,264,7,6,3,1,2
2661,266,7,2,1,1,5
2735,273,7,4,3,1,4
2736,273,7,2,2,1,7
2773,277,7,2,2,1,6
2849,284,7,3,3,1,4
2860,286,7,3,3,1,6
2863,286,7,2,1,1,5
2874,287,7,2,2,1,6
2891,289,7,7,4,1,3
2912,291,7,3,3,1,6
2958,295,7,2,2,1,7
3051,305,7,6,4,1,5
3082,308,7,3,2,1,5
3114,311,7,5,3,1,5
3129,312,7,3,2,1,4
3148,314,7,1,1,1,7
3157,315,7,6,1,2,3
3166,316,7,2,2,1,6
3263,326,7,3,2,1,5
3313,331,7,1,1,1,7
3318,331,7,5,3,1,5
3331,333,7,2,2,1,6
3398,339,7,4,4,1,5
3427,342,7,3,3,1,5
3443,344,7,2,2,1,6
3459,345,7,3,3,1,7
3461,346,7,3,1,1,4
3475,347,7,1,1,1,7
3532,353,7,2,1,1,6
3628,362,7,3,1,1,6
3682,368,7,3,3,1,6
3729,372,7,5,3,1,3
3747,374,7,2,1,1,7
3808,380,7,4,2,1,6
3811,381,7,3,3,2,5
3857,385,7,4,2,1,4
3865,386,7,1,1,1,7
3921,392,7,5,2,1,5
3942,394,7,3,2,1,4
3966,396,7,4,3,1,6
4008,400,7,3,2,1,4
4013,401,7,4,3,2,6
4016,401,7,4,4,2,5
4023,402,7,5,3,1,5
4069,406,7,1,1,1,7
4075,407,7,5,3,1,4
4082,408,7,4,2,1,6
4113,411,7,4,4,1,5
4156,415,7,4,3,2,6
4191,419,7,3,3,1,6
4305,430,7,5,2,1,4
4328,432,7,2,1,1,5
4349,434,7,3,3,1,5
4354,435,7,3,1,1,4
4436,443,7,3,3,1,6
4508,450,7,7,3,2,1
4513,451,7,2,2,1,7
4632,463,7,2,2,1,5
4647,464,7,7,5,1,1
4667,466,7,4,3,1,5
4669,466,7,7,6,1,3
4692,469,7,2,2,1,5
4764,476,7,4,2,2,5
4766,476,7,4,2,1,4
4811,481,7,3,3,1,6
4899,489,7,1,1,1,7
4903,490,7,2,2,1,7
4912,491,7,4,4,1,7
4957,495,7,2,2,1,5
5005,500,7,6,5,2,4
5036,503,7,7,6,2,3
5040,504,7,3,3,1,5
5048,504,7,3,3,1,6
5060,506,7,4,2,2,4
5067,506,7,3,2,1,5
5136,513,7,4,3,1,5
5150,515,7,2,2,2,7
5195,519,7,3,2,1,6
5202,520,7,4,3,1,4
5258,525,7,2,2,1,6
5259,525,7,2,2,1,4
5329,532,7,2,2,1,5
5358,535,7,2,2,1,7
5369,536,7,2,2,1,5
5440,544,7,7,6,2,4
5486,548,7,1,1,1,7
5583,558,7,3,3,1,4
5626,562,7,6,4,1,5
5647,564,7,2,2,1,7
5655,565,7,3,3,1,6
5656,565,7,3,2,1,5
5769,576,7,2,2,1,7
5811,581,7,6,4,1,2
5886,588,7,7,4,1,2
5936,593,7,2,2,1,7
5954,595,7,3,3,1,5
5986,598,7,6,4,2,4
6062,606,7,7,3,2,2
6088,608,7,2,2,1,7
6094,609,7,2,2,1,4
6347,634,7,3,2,2,6
6378,637,7,1,1,1,7
6455,645,7,1,1,1,7
6477,647,7,4,2,2,5
6496,649,7,3,2,1,5
6514,651,7,3,2,1,3
6568,656,7,4,3,1,5
6678,667,7,5,3,1,5
6848,684,7,3,2,1,5
6868,686,7,4,3,1,4
6884,688,7,4,4,2,4
6978,697,7,3,3,1,6
7009,700,7,6,3,1,5
7016,701,7,2,2,1,6
7141,714,7,3,3,1,7
7233,723,7,7,4,2,2
7278,727,7,4,2,1,5
7306,730,7,2,2,1,6
7363,736,7,2,1,1,6
7369,736,7,4,2,1,4
7385,738,7,3,3,1,6
7392,739,7,2,1,1,5
7399,739,7,4,2,1,4
7436,743,7,3,3,1,6
7498,749,7,4,2,1,5
7524,752,7,2,1,1,6
7560,756,7,2,2,1,7
7565,756,7,3,3,1,7
7568,756,7,2,2,1,6
7594,759,7,4,3,1,4
7596,759,7,3,2,1,5
7602,760,7,3,3,1,6
7604,760,7,1,1,1,7
7622,762,7,3,2,1,6
7685,768,7,3,2,2,5
7688,768,7,7,5,1,3
7778,777,7,3,2,1,4
7793,779,7,2,2,1,7
7916,791,7,2,2,1,6
7924,792,7,2,2,1,4
7934,793,7,4,3,1,5
7982,798,7,1,1,1,7
7993,799,7,5,3,1,5
7994,799,7,2,2,1,5
8006,800,7,6,5,1,5
8019,801,7,6,4,1,4
8027,802,7,2,2,1,7
8091,809,7,6,4,2,2
8096,809,7,2,2,2,7
8117,811,7,4,3,1,5
8171,817,7,2,1,1,5
8181,818,7,7,4,1,2
8190,819,7,3,2,1,5
8215,821,7,2,2,1,5
8217,821,7,5,3,1,5
8325,832,7,7,5,1,2
8342,834,7,5,4,1,3
8347,834,7,4,3,1,4
8425,842,7,3,2,1,6
8436,843,7,1,1,1,7
8442,844,7,2,1,1,6
8469,846,7,2,2,1,6
8506,850,7,1,1,1,7
8531,853,7,5,4,1,5
8549,854,7,4,4,1,5
8606,860,7,5,3,2,4
8626,862,7,3,2,1,5
8628,862,7,7,4,1,1
8630,863,7,3,3,1,6
8781,878,7,7,4,2,2
8805,880,7,2,1,1,6
8865,886,7,2,2,1,5
9018,901,7,7,1,1,1
9039,903,7,4,3,1,3
9040,904,7,3,3,2,5
9088,908,7,7,2,1,3
9146,914,7,2,2,1,7
9223,922,7,5,3,1,5
9300,930,7,1,1,1,7
9327,932,7,2,2,1,7
9375,937,7,3,3,2,7
9401,940,7,2,2,2,7
9434,943,7,3,2,2,7
9446,944,7,4,3,1,5
9467,946,7,4,4,2,6
9487,948,7,4,2,1,5
9491,949,7,2,2,1,7
9495,949,7,5,3,1,4
9504,950,7,1,1,1,7
9506,950,7,5,4,2,4
9585,958,7,3,2,1,6
9632,963,7,1,1,1,7
9679,967,7,2,2,1,7
9700,970,7,2,2,1,5
9724,972,7,4,3,1,5
9726,972,7,4,2,1,6
9728,972,7,3,2,1,6
9737,973,7,4,3,1,4
9748,974,7,5,3,1,4
9794,979,7,4,4,1,4
9812,981,7,4,3,1,6
9823,982,7,3,2,1,5
9961,996,7,3,2,1,6
9974,997,7,4,3,1,6
2,0,6,5,5,1,4
56,5,6,4,3,1,3
131,13,6,5,4,1,3
210,21,6,6,3,2,2
212,21,6,3,2,1,4
218,21,6,4,2,1,4
237,23,6,3,2,1,5
320,32,6,3,3,1,6
336,33,6,4,4,1,4
338,33,6,2,2,1,5
365,36,6,2,2,1,6
443,44,6,3,2,1,5
446,44,6,3,2,1,5
470,47,6,4,4,2,2
484,48,6,5,4,1,3
510,51,6,1,1,1,6
513,51,6,6,5,1,3
546,54,6,6,4,1,3
561,56,6,3,3,2,5
567,56,6,2,2,1,5
568,56,6,4,3,1,5
677,67,6,2,2,1,6
682,68,6,5,4,1,4
696,69,6,2,2,2,6
697,69,6,6,2,2,2
768,76,6,3,2,1,4
790,79,6,4,2,1,5
852,85,6,4,1,2,4
853,85,6,3,3,1,6
874,87,6,2,2,2,6
892,89,6,2,2,1,5
904,90,6,5,2,1,4
952,95,6,4,3,1,4
964,96,6,5,3,1,3
1023,102,6,4,4,1,5
1108,110,6,5,4,1,2
1116,111,6,5,5,1,4
1140,114,6,3,2,1,5
1185,118,6,3,3,1,4
1229,122,6,5,3,1,3
1230,123,6,3,3,1,5
1258,125,6,6,5,1,2
1272,127,6,3,2,1,5
1286,128,6,1,1,1,6
1378,137,6,4,3,1,6
1381,138,6,2,1,1,4
1385,138,6,2,2,1,6
1407,140,6,4,3,1,4
1409,140,6,2,2,1,4
1462,146,6,3,3,1,5
1466,146,6,6,4,1,3
1471,147,6,5,4,1,4
1483,148,6,2,2,1,6
1502,150,6,2,2,1,6
1579,157,6,2,2,1,6
1753,175,6,4,3,1,6
1771,177,6,2,2,1,6
1790,179,6,2,2,1,4
1824,182,6,2,2,1,6
1826,182,6,2,2,1,5
1882,188,6,5,3,1,2
1898,189,6,1,1,1,6
1951,195,6,3,2,1,3
1989,198,6,3,3,1,4
2019,201,6,4,3,1,3
2064,206,6,5,4,1,4
2086,208,6,1,1,1,6
2105,210,6,3,3,1,6
2128,212,6,2,2,1,5
2166,216,6,3,2,1,6
2169,216,6,6,5,1,3
2261,226,6,5,4,1,5
2263,226,6,1,1,1,6
2265,226,6,2,1,1,6
2286,228,6,1,1,1,6
2304,230,6,1,1,1,6
2310,231,6,3,2,1,5
2345,234,6,4,4,1,5
2411,241,6,6,3,3,2
2417,241,6,4,3,1,4
2463,246,6,3,2,1,5
2488,248,6,1,1,1,6
2580,258,6,5,3,2,4
2583,258,6,3,2,1,5
2644,264,6,3,3,1,4
2694,269,6,3,3,1,6
2728,272,6,1,1,1,6
2751,275,6,3,2,1,4
2764,276,6,3,2,1,5
2817,281,6,3,3,1,4
2822,282,6,2,1,1,6
2826,282,6,3,3,1,4
2864,286,6,1,1,1,6
2876,287,6,1,1,1,6
2878,287,6,3,2,1,5
2896,289,6,3,2,1,6
2946,294,6,1,1,1,6
2992,299,6,1,1,1,6
3167,316,6,5,4,2,4
3172,317,6,4,2,1,4
3228,322,6,5,3,2,3
3243,324,6,2,2,1,6
3311,331,6,4,2,2,4
3321,332,6,5,4,1,5
3326,332,6,5,3,1,3
3335,333,6,5,4,1,3
3349,334,6,2,2,1,5
3375,337,6,1,1,1,6
3380,338,6,3,3,1,5
3409,340,6,5,5,1,4
3419,341,6,5,4,1,4
3450,345,6,3,2,1,4
3454,345,6,3,3,1,6
3476,347,6,2,2,1,6
3530,353,6,2,1,1,4
3589,358,6,3,3,1,4
3667,366,6,5,4,1,5
3688,368,6,5,4,1,4
3692,369,6,5,3,1,4
3720,372,6,1,1,1,6
3755,375,6,1,1,1,6
3762,376,6,3,2,1,5
3781,378,6,3,3,1,5
3846,384,6,2,1,1,6
3877,387,6,3,2,1,5
3895,389,6,4,3,1,5
3907,390,6,5,3,1,2
3976,397,6,1,1,1,6
4044,404,6,6,4,1,2
4050,405,6,2,1,1,4
4057,405,6,5,4,1,3
4130,413,6,3,2,1,5
4136,413,6,3,2,2,5
4163,416,6,6,4,1,2
4241,424,6,6,5,1,2
4254,425,6,2,2,1,6
4344,434,6,4,2,1,6
4408,440,6,3,3,1,3
4443,444,6,1,1,1,6
4478,447,6,1,1,1,6
4505,450,6,1,1,1,6
4510,451,6,3,3,1,6
4512,451,6,6,5,1,2
4514,451,6,5,2,1,5
4665,466,6,4,3,1,4
4701,470,6,3,2,1,6
4751,475,6,1,1,1,6
4844,484,6,5,4,1,3
4961,496,6,2,2,2,6
4976,497,6,2,2,1,5
4977,497,6,3,1,1,4
5002,500,6,4,2,1,3
5022,502,6,4,4,1,5
5098,509,6,3,3,1,5
5125,512,6,6,5,1,5
5126,512,6,2,2,1,5
5248,524,6,2,1,1,6
5274,527,6,1,1,1,6
5331,533,6,6,5,2,1
5364,536,6,3,2,1,5
5410,541,6,2,2,1,6
5537,553,6,6,4,1,2
5546,554,6,6,4,1,5
5568,556,6,5,4,1,4
5571,557,6,2,1,1,5
5612,561,6,1,1,1,6
5633,563,6,2,2,1,5
5642,564,6,1,1,1,6
5668,566,6,2,2,1,5
5734,573,6,3,2,1,4
5760,576,6,5,4,1,3
5763,576,6,4,4,1,4
5796,579,6,3,2,1,5
5821,582,6,2,2,1,6
5862,586,6,3,2,1,5
5888,588,6,6,3,2,1
5945,594,6,2,2,1,6
5950,595,6,1,1,1,6
6059,605,6,3,3,1,6
6063,606,6,4,2,1,3
6108,610,6,2,1,1,4
6119,611,6,3,3,1,6
6169,616,6,3,2,1,5
6172,617,6,4,4,1,3
6291,629,6,3,3,1,4
6312,631,6,2,2,1,5
6332,633,6,5,3,1,5
6340,634,6,1,1,1,6
6359,635,6,5,1,2,3
6432,643,6,2,2,1,5
6452,645,6,6,2,2,1
6484,648,6,1,1,1,6
6506,650,6,2,1,1,4
6507,650,6,4,4,1,4
6519,651,6,3,3,1,5
6543,654,6,4,2,1,4
6550,655,6,1,1,1,6
6552,655,6,4,3,1,3
6579,657,6,6,5,1,2
6606,660,6,1,1,1,6
6645,664,6,2,2,1,6
6646,664,6,2,2,1,6
6721,672,6,4,3,1,6
6786,678,6,2,2,1,6
6812,681,6,4,3,1,5
6815,681,6,3,2,1,5
6858,685,6,2,2,1,5
6878,687,6,6,4,1,1
6909,690,6,1,1,1,6
6933,693,6,5,5,1,4
6936,693,6,2,1,1,4
6941,694,6,2,2,1,6
6990,699,6,1,1,1,6
7008,700,6,5,3,2,2
7026,702,6,4,3,2,3
7034,703,6,2,2,1,6
7081,708,6,1,1,1,6
7083,708,6,1,1,1,6
7157,715,6,6,4,1,3
7178,717,6,2,1,1,5
7222,722,6,1,1,1,6
7261,726,6,3,3,1,5
7375,737,6,2,2,1,3
7391,739,6,3,3,2,5
7402,740,6,6,1,3,1
7415,741,6,5,3,1,3
7443,744,6,5,4,1,3
7447,744,6,5,4,1,4
7558,755,6,4,3,1,4
7611,761,6,2,2,1,3
7616,761,6,3,1,1,5
7660,766,6,6,4,1,4
7662,766,6,6,3,1,3
7693,769,6,2,1,1,5
7730,773,6,3,2,1,4
7768,776,6,3,2,2,5
7779,777,6,2,2,1,6
7799,779,6,2,2,1,6
7818,781,6,2,2,1,6
7825,782,6,3,2,1,5
7845,784,6,5,3,1,5
7898,789,6,5,5,1,5
7908,790,6,3,2,1,4
7912,791,6,3,2,1,6
7970,797,6,2,2,1,5
7992,799,6,3,2,1,4
8040,804,6,4,3,1,5
8072,807,6,4,4,1,4
8104,810,6,5,5,1,4
8120,812,6,2,1,1,5
8145,814,6,6,4,1,4
8223,822,6,1,1,1,6
8276,827,6,3,2,1,6
8285,828,6,4,3,1,4
8321,832,6,2,2,1,5
8374,837,6,5,3,1,3
8382,838,6,2,2,1,3
8387,838,6,4,2,1,5
8395,839,6,6,3,1,2
8403,840,6,6,2,2,1
8411,841,6,3,3,1,6
8417,841,6,2,2,1,6
8426,842,6,6,4,2,4
8495,849,6,2,2,1,5
8520,852,6,4,2,1,4
8562,856,6,2,1,1,6
8605,860,6,1,1,1,6
8609,860,6,5,2,1,3
8612,861,6,3,2,1,4
8672,867,6,3,2,1,5
8699,869,6,2,2,1,5
8734,873,6,5,4,1,4
8757,875,6,2,2,1,6
8807,880,6,3,2,1,6
8917,891,6,1,1,1,6
8958,895,6,4,4,1,6
8974,897,6,3,2,1,3
8979,897,6,2,2,1,6
9066,906,6,4,3,1,4
9135,913,6,2,2,1,5
9221,922,6,6,3,2,3
9227,922,6,4,4,2,5
9248,924,6,4,2,1,4
9255,925,6,4,3,1,4
9290,929,6,2,2,1,5
9344,934,6,2,2,1,5
9384,938,6,3,3,1,6
9425,942,6,5,4,1,4
9447,944,6,5,3,2,3
9458,945,6,3,2,1,5
9460,946,6,6,3,1,3
9566,956,6,2,2,2,6
9596,959,6,2,2,1,6
9627,962,6,2,2,1,6
9654,965,6,3,2,1,4
9671,967,6,6,2,1,3
9742,974,6,5,2,2,3
9756,975,6,4,3,1,3
9782,978,6,1,1,1,6
9804,980,6,3,3,1,5
9839,983,6,4,3,1,4
9866,986,6,5,2,1,4
9895,989,6,6,4,1,3
9911,991,6,4,3,1,5
9928,992,6,3,2,1,6
21,2,5,3,2,1,4
25,2,5,3,2,1,4
26,2,5,3,3,1,4
61,6,5,1,1,1,5
64,6,5,5,3,1,3
76,7,5,2,2,1,5
107,10,5,1,1,1,5
138,13,5,4,3,1,2
182,18,5,3,3,2,4
223,22,5,2,2,1,5
226,22,5,4,4,1,3
267,26,5,4,3,1,3
275,27,5,4,3,2,2
308,30,5,2,2,1,5
385,38,5,5,2,1,3
417,41,5,2,1,1,5
432,43,5,2,2,1,5
445,44,5,2,2,1,5
485,48,5,3,3,1,4
486,48,5,5,4,1,1
533,53,5,3,2,1,4
538,53,5,1,1,1,5
552,55,5,5,3,1,3
578,57,5,5,5,1,1
581,58,5,2,2,1,5
608,60,5,1,1,1,5
626,62,5,2,2,1,4
681,68,5,4,2,1,4
695,69,5,3,3,1,3
703,70,5,5,3,1,3
720,72,5,3,3,1,5
721,72,5,3,3,1,4
727,72,5,2,2,1,4
730,73,5,5,4,1,2
765,76,5,3,3,2,4
775,77,5,3,2,1,5
783,78,5,3,3,1,4
806,80,5,2,2,1,5
811,81,5,2,2,1,5
821,82,5,5,4,1,2
907,90,5,3,3,1,4
913,91,5,2,2,1,5
922,92,5,5,3,1,4
941,94,5,1,1,1,5
976,97,5,3,3,1,5
1017,101,5,4,3,1,4
1021,102,5,4,4,1,4
1065,106,5,2,2,1,3
1124,112,5,1,1,1,5
1153,115,5,1,1,1,5
1160,116,5,1,1,1,5
1166,116,5,3,2,1,5
1184,118,5,3,2,1,4
1265,126,5,2,2,1,5
1333,133,5,5,3,3,2
1365,136,5,3,3,1,4
1375,137,5,5,3,1,1
1402,140,5,2,2,1,5
1410,141,5,1,1,1,5
1439,143,5,2,2,1,5
1445,144,5,4,4,1,3
1450,145,5,1,1,1,5
1465,146,5,4,4,1,3
1525,152,5,4,3,1,4
1583,158,5,2,2,1,4
1653,165,5,5,3,1,3
1658,165,5,3,3,1,3
1731,173,5,1,1,1,5
1734,173,5,4,3,1,4
1805,180,5,2,2,1,5
1814,181,5,4,4,1,3
1843,184,5,1,1,1,5
1870,187,5,3,3,1,4
1879,187,5,1,1,1,5
1895,189,5,1,1,1,5
1911,191,5,1,1,1,5
1921,192,5,1,1,1,5
1927,192,5,2,1,1,4
2053,205,5,2,2,1,3
2076,207,5,3,3,1,5
2095,209,5,5,2,1,5
2154,215,5,1,1,1,5
2227,222,5,5,3,2,1
2228,222,5,3,2,1,4
2271,227,5,2,2,1,3
2293,229,5,2,1,1,5
2297,229,5,1,1,1,5
2349,234,5,1,1,1,5
2350,235,5,5,1,2,1
2374,237,5,2,2,1,5
2381,238,5,3,2,1,3
2387,238,5,5,4,1,1
2414,241,5,3,3,1,5
2449,244,5,3,2,1,2
2450,245,5,3,3,1,4
2476,247,5,2,2,1,5
2501,250,5,2,2,1,5
2518,251,5,4,3,1,4
2539,253,5,2,2,1,5
2554,255,5,3,2,2,4
2572,257,5,3,2,1,5
2662,266,5,3,2,1,5
2763,276,5,5,4,1,3
2787,278,5,3,3,1,4
2850,285,5,2,1,1,5
2882,288,5,5,3,1,2
2890,289,5,1,1,1,5
2938,293,5,2,2,1,5
2981,298,5,3,2,1,5
2987,298,5,2,2,1,5
3018,301,5,3,3,1,5
3024,302,5,2,2,1,5
3069,306,5,1,1,1,5
3102,310,5,4,2,1,3
3112,311,5,5,4,1,4
3132,313,5,1,1,1,5
3162,316,5,2,2,1,5
3186,318,5,4,4,1,3
3307,330,5,5,3,2,3
3312,331,5,2,1,1,4
3330,333,5,3,2,1,5
3338,333,5,1,1,1,5
3429,342,5,2,2,1,4
3431,343,5,2,2,1,4
3434,343,5,2,2,1,4
3441,344,5,4,2,1,4
3449,344,5,5,3,2,4
3458,345,5,2,2,1,5
3534,353,5,1,1,1,5
3584,358,5,3,2,1,2
3610,361,5,2,1,1,5
3614,361,5,5,3,2,1
3626,362,5,4,4,1,2
3636,363,5,1,1,1,5
3639,363,5,3,3,1,4
3645,364,5,5,3,1,1
3658,365,5,2,1,1,4
3664,366,5,2,1,2,5
3691,369,5,3,3,1,4
3704,370,5,5,3,1,5
3731,373,5,3,2,1,4
3742,374,5,4,4,1,2
3765,376,5,5,1,1,2
3769,376,5,1,1,1,5
3797,379,5,3,2,1,4
3863,386,5,5,4,1,3
3878,387,5,1,1,1,5
3881,388,5,3,2,1,5
3941,394,5,2,2,1,5
3954,395,5,2,2,1,5
3962,396,5,3,3,1,4
3971,397,5,3,3,1,5
3981,398,5,2,1,2,3
3995,399,5,3,2,1,5
3998,399,5,3,2,1,4
4026,402,5,3,1,1,3
4092,409,5,2,1,1,4
4167,416,5,3,3,1,5
4221,422,5,5,1,1,1
4322,432,5,3,3,1,5
4331,433,5,3,3,1,4
4337,433,5,3,1,1,4
4342,434,5,5,2,1,3
4415,441,5,1,1,1,5
4418,441,5,3,2,1,5
4434,443,5,4,2,1,4
4490,449,5,2,1,1,4
4518,451,5,5,4,1,1
4565,456,5,3,3,1,5
4569,456,5,1,1,1,5
4735,473,5,2,2,1,4
4775,477,5,5,4,1,1
4795,479,5,3,3,1,3
4825,482,5,3,3,1,3
4851,485,5,2,2,1,4
4879,487,5,2,2,1,5
4896,489,5,2,2,2,5
4943,494,5,2,2,1,5
5043,504,5,1,1,1,5
5070,507,5,5,4,1,2
5077,507,5,2,2,1,5
5091,509,5,2,2,1,4
5131,513,5,1,1,1,5
5172,517,5,3,2,2,4
5183,518,5,1,1,1,5
5203,520,5,2,2,1,5
5213,521,5,2,2,1,5
5230,523,5,3,2,1,5
5261,526,5,3,1,1,4
5269,526,5,2,1,1,4
5298,529,5,1,1,1,5
5325,532,5,3,2,1,4
5404,540,5,2,2,1,4
5437,543,5,2,2,1,4
5464,546,5,2,2,1,4
5479,547,5,2,1,1,5
5481,548,5,1,1,1,5
5495,549,5,5,2,1,1
5508,550,5,3,3,1,4
5517,551,5,2,1,1,5
5521,552,5,2,2,1,5
5594,559,5,2,2,1,4
5614,561,5,1,1,1,5
5628,562,5,1,1,1,5
5731,573,5,5,3,1,2
5794,579,5,1,1,1,5
5802,580,5,4,3,2,3
5813,581,5,4,3,1,3
5835,583,5,3,2,1,4
5906,590,5,3,2,1,5
5933,593,5,2,2,1,5
6024,602,5,5,3,2,1
6037,603,5,2,2,1,5
6077,607,5,5,3,1,1
6079,607,5,3,3,1,4
6154,615,5,4,3,2,2
6177,617,5,2,2,1,3
6226,622,5,3,3,1,4
6331,633,5,3,3,1,3
6407,640,5,5,3,2,3
6409,640,5,3,3,2,4
6443,644,5,5,4,1,2
6464,646,5,3,2,2,4
6467,646,5,4,2,1,4
6491,649,5,2,1,2,5
6544,654,5,2,2,1,5
6555,655,5,2,1,1,4
6560,656,5,3,2,1,3
6582,658,5,1,1,1,5
6589,658,5,3,3,1,4
6641,664,5,4,2,2,3
6697,669,5,3,3,1,5
6728,672,5,2,2,1,5
6755,675,5,3,2,1,3
6813,681,5,2,2,1,5
6820,682,5,3,3,1,4
6833,683,5,3,2,1,4
6852,685,5,3,3,1,4
6856,685,5,5,3,1,2
6873,687,5,3,3,1,5
6901,690,5,2,2,1,5
6923,692,5,3,3,1,4
6930,693,5,1,1,1,5
6938,693,5,3,3,1,5
6961,696,5,3,2,1,4
6981,698,5,2,2,1,4
7017,701,5,2,2,1,4
7050,705,5,2,2,1,5
7096,709,5,3,3,1,5
7097,709,5,5,3,2,3
7142,714,5,1,1,1,5
7209,720,5,2,2,1,3
7210,721,5,3,2,1,4
7270,727,5,5,3,1,1
7333,733,5,2,1,1,4
7353,735,5,5,4,2,2
7356,735,5,3,3,1,5
7421,742,5,1,1,1,5
7531,753,5,2,2,1,4
7534,753,5,2,2,1,3
7554,755,5,2,1,1,4
7599,759,5,2,2,1,5
7639,763,5,2,2,1,5
7706,770,5,1,1,1,5
7723,772,5,3,2,1,4
7736,773,5,2,2,1,4
7740,774,5,2,2,1,4
7769,776,5,2,2,1,4
7796,779,5,2,2,1,5
7812,781,5,3,3,1,3
7813,781,5,2,1,1,4
7835,783,5,2,2,1,5
7851,785,5,1,1,1,5
7938,793,5,1,1,1,5
7962,796,5,1,1,1,5
7978,797,5,4,4,1,5
7981,798,5,4,4,1,5
8003,800,5,2,2,1,4
8020,802,5,3,2,1,4
8064,806,5,2,2,1,5
8095,809,5,3,3,1,3
8193,819,5,2,2,1,5
8198,819,5,3,2,1,4
8243,824,5,2,2,1,5
8248,824,5,1,1,1,5
8266,826,5,1,1,1,5
8294,829,5,1,1,1,5
8348,834,5,3,3,1,4
8360,836,5,2,2,1,5
8412,841,5,3,3,1,4
8415,841,5,5,5,1,3
8416,841,5,4,3,1,3
8427,842,5,1,1,1,5
8431,843,5,2,1,1,3
8473,847,5,2,1,2,4
8482,848,5,1,1,1,5
8504,850,5,2,1,1,5
8546,854,5,3,3,1,5
8592,859,5,3,3,1,4
8604,860,5,4,2,1,3
8607,860,5,2,2,1,5
8617,861,5,4,4,1,4
8621,862,5,3,3,1,4
8629,862,5,5,3,1,2
8633,863,5,2,1,1,4
8730,873,5,4,2,1,3
8740,874,5,2,2,1,3
8784,878,5,3,2,1,4
8878,887,5,2,2,1,4
8886,888,5,3,2,1,4
8908,890,5,3,3,1,4
8912,891,5,5,2,1,1
8925,892,5,3,2,1,5
8944,894,5,2,2,1,5
8957,895,5,3,3,1,4
9003,900,5,4,2,2,3
9027,902,5,3,3,1,5
9034,903,5,1,1,1,5
9052,905,5,4,2,2,3
9077,907,5,1,1,1,5
9131,913,5,2,2,1,4
9140,914,5,5,3,1,2
9149,914,5,1,1,1,5
9164,916,5,3,3,1,5
9171,917,5,2,1,1,5
9182,918,5,3,2,1,4
9218,921,5,2,1,1,5
9229,922,5,4,3,1,2
9246,924,5,4,2,2,2
9249,924,5,1,1,1,5
9258,925,5,1,1,1,5
9263,926,5,5,4,1,3
9266,926,5,1,1,1,5
9316,931,5,1,1,1,5
9318,931,5,4,4,1,2
9320,932,5,4,2,1,3
9362,936,5,2,1,1,5
9376,937,5,1,1,1,5
9391,939,5,5,4,1,3
9397,939,5,3,3,1,4
9404,940,5,2,2,1,5
9445,944,5,4,3,1,3
9474,947,5,1,1,1,5
9493,949,5,4,3,1,4
9551,955,5,3,3,1,4
9556,955,5,3,3,1,4
9603,960,5,1,1,1,5
9669,966,5,2,2,1,4
9686,968,5,1,1,1,5
9690,969,5,5,3,1,2
9760,976,5,3,1,1,4
9801,980,5,2,2,1,4
9844,984,5,3,2,1,3
9848,984,5,3,3,1,4
9893,989,5,2,2,1,5
9938,993,5,4,3,2,3
9944,994,5,3,3,1,5
9978,997,5,3,2,1,4
4,0,4,4,2,1,1
13,1,4,3,2,1,3
27,2,4,4,3,1,1
33,3,4,3,2,1,3
93,9,4,4,3,1,2
117,11,4,1,1,1,4
127,12,4,3,2,1,2
141,14,4,1,1,1,4
171,17,4,4,2,2,1
262,26,4,4,3,2,3
287,28,4,3,2,1,2
296,29,4,4,3,1,2
302,30,4,2,2,1,3
323,32,4,1,1,1,4
379,37,4,1,1,1,4
387,38,4,1,1,1,4
403,40,4,2,1,1,4
490,49,4,1,1,1,4
498,49,4,4,4,1,3
512,51,4,3,3,1,2
517,51,4,2,2,1,4
529,52,4,2,2,1,4
580,58,4,4,1,2,3
594,59,4,2,1,1,4
599,59,4,1,1,1,4
604,60,4,3,3,1,2
607,60,4,4,4,1,3
613,61,4,3,2,2,4
639,63,4,3,3,2,3
651,65,4,4,3,2,2
663,66,4,4,4,1,2
691,69,4,4,3,1,2
728,72,4,4,3,1,4
803,80,4,3,3,1,4
827,82,4,3,3,1,4
847,84,4,3,3,1,3
861,86,4,4,3,1,1
872,87,4,4,4,1,2
885,88,4,2,2,1,3
936,93,4,1,1,1,4
937,93,4,4,1,1,3
969,96,4,2,2,1,4
979,97,4,2,2,1,3
986,98,4,2,2,1,4
989,98,4,4,4,1,3
1016,101,4,2,2,1,3
1032,103,4,1,1,1,4
1041,104,4,3,3,1,3
1055,105,4,3,3,1,3
1057,105,4,4,3,1,2
1089,108,4,3,2,1,4
1099,109,4,4,4,1,2
1102,110,4,2,2,1,4
1209,120,4,4,2,1,1
1215,121,4,1,1,1,4
1234,123,4,4,3,1,2
1244,124,4,2,2,1,4
1256,125,4,3,2,1,2
1304,130,4,3,2,1,3
1321,132,4,3,1,1,3
1339,133,4,4,2,1,2
1343,134,4,2,1,1,4
1347,134,4,2,2,1,4
1367,136,4,3,3,1,2
1413,141,4,2,2,1,4
1422,142,4,4,3,2,2
1424,142,4,3,3,1,3
1426,142,4,3,3,1,4
1427,142,4,1,1,1,4
1454,145,4,3,3,1,4
1458,145,4,2,1,1,4
1469,146,4,3,3,1,2
1495,149,4,3,3,1,4
1497,149,4,2,2,1,3
1517,151,4,3,2,1,3
1536,153,4,3,2,1,4
1581,158,4,2,2,1,3
1587,158,4,2,2,1,4
1592,159,4,4,2,1,3
1593,159,4,3,2,2,4
1647,164,4,2,2,1,4
1672,167,4,3,3,1,4
1714,171,4,4,3,1,2
1716,171,4,2,1,1,4
1720,172,4,1,1,1,4
1758,175,4,2,2,1,3
1777,177,4,4,3,1,3
1786,178,4,3,2,1,3
1803,180,4,2,1,1,4
1816,181,4,2,2,1,4
1821,182,4,1,1,1,4
1836,183,4,2,2,1,4
1854,185,4,1,1,1,4
1880,188,4,2,2,1,4
1910,191,4,1,1,1,4
1965,196,4,1,1,1,4
1976,197,4,2,2,1,4
2004,200,4,4,3,1,3
2006,200,4,4,4,1,3
2092,209,4,4,3,1,2
2135,213,4,2,2,1,4
2136,213,4,1,1,1,4
2215,221,4,3,2,1,3
2238,223,4,1,1,1,4
2278,227,4,1,1,1,4
2305,230,4,3,2,1,2
2320,232,4,2,1,1,3
2346,234,4,1,1,1,4
2376,237,4,2,2,1,3
2418,241,4,2,2,1,4
2425,242,4,2,1,1,3
2439,243,4,2,2,1,2
2448,244,4,4,3,1,3
2453,245,4,3,3,1,4
2482,248,4,3,3,1,2
2492,249,4,2,2,1,3
2525,252,4,1,1,1,4
2533,253,4,1,1,1,4
2585,258,4,2,2,1,4
2599,259,4,1,1,1,4
2636,263,4,4,3,1,4
2658,265,4,1,1,1,4
2682,268,4,1,1,1,4
2686,268,4,4,4,1,2
2701,270,4,4,3,2,1
2707,270,4,1,1,1,4
2734,273,4,1,1,1,4
2759,275,4,1,1,1,4
2762,276,4,2,2,1,4
2801,280,4,3,3,1,4
2812,281,4,4,4,1,2
2842,284,4,2,2,1,4
2871,287,4,2,2,1,4
2952,295,4,2,2,1,4
2955,295,4,1,1,1,4
2961,296,4,4,2,2,2
2962,296,4,3,2,1,2
2972,297,4,2,2,1,4
3002,300,4,3,3,1,4
3054,305,4,2,2,1,4
3064,306,4,1,1,1,4
3065,306,4,4,3,1,2
3117,311,4,2,2,1,4
3155,315,4,1,1,1,4
3211,321,4,2,2,1,4
3230,323,4,4,3,2,3
3231,323,4,1,1,1,4
3239,323,4,3,2,2,3
3260,326,4,2,2,1,4
3289,328,4,4,4,1,1
3391,339,4,3,3,1,3
3392,339,4,4,3,1,1
3399,339,4,4,3,1,3
3401,340,4,3,3,1,3
3411,341,4,2,1,1,4
3414,341,4,3,3,1,4
3415,341,4,4,4,1,3
3417,341,4,2,2,1,4
3438,343,4,4,3,1,2
3442,344,4,1,1,1,4
3464,346,4,4,2,1,3
3466,346,4,4,4,1,2
3472,347,4,1,1,1,4
3509,350,4,4,2,1,1
3512,351,4,4,3,2,2
3525,352,4,3,1,1,4
3536,353,4,4,3,1,2
3579,357,4,1,1,1,4
3603,360,4,2,2,1,4
3619,361,4,4,3,1,2
3643,364,4,2,2,1,4
3743,374,4,2,2,1,4
3764,376,4,4,3,1,2
3777,377,4,1,1,1,4
3806,380,4,4,4,2,3
3810,381,4,2,2,1,4
3812,381,4,4,2,1,3
3818,381,4,3,2,1,4
3839,383,4,3,2,1,4
3938,393,4,2,2,1,4
3975,397,4,3,1,1,2
3980,398,4,1,1,1,4
3991,399,4,2,2,1,3
4004,400,4,3,2,1,4
4037,403,4,4,3,1,2
4137,413,4,4,3,1,3
4138,413,4,2,2,1,4
4152,415,4,2,1,1,4
4259,425,4,3,3,1,4
4263,426,4,3,2,1,3
4277,427,4,2,1,1,4
4297,429,4,3,1,1,3
4313,431,4,3,3,1,3
4315,431,4,4,4,2,3
4330,433,4,2,2,1,4
4428,442,4,1,1,1,4
4437,443,4,2,2,1,2
4446,444,4,1,1,1,4
4467,446,4,4,3,1,2
4485,448,4,1,1,1,4
4523,452,4,2,2,1,4
4562,456,4,2,2,1,4
4566,456,4,1,1,1,4
4579,457,4,4,4,1,3
4616,461,4,2,2,1,4
4630,463,4,3,2,2,3
4653,465,4,2,2,1,3
4660,466,4,2,2,1,4
4661,466,4,3,2,1,3
4668,466,4,4,1,2,1
4762,476,4,2,2,1,4
4777,477,4,2,1,1,4
4809,480,4,2,2,1,4
4827,482,4,4,3,1,1
4840,484,4,3,3,1,4
4884,488,4,3,1,1,3
4905,490,4,4,4,2,2
4911,491,4,2,2,1,4
4963,496,4,2,1,1,2
4980,498,4,3,1,1,4
5023,502,4,1,1,1,4
5032,503,4,4,2,1,2
5104,510,4,1,1,1,4
5114,511,4,1,1,1,4
5119,511,4,4,4,2,1
5132,513,4,4,3,1,2
5171,517,4,3,3,1,3
5265,526,4,3,2,1,3
5284,528,4,4,2,2,3
5341,534,4,1,1,1,4
5365,536,4,1,1,1,4
5396,539,4,1,1,1,4
5465,546,4,2,2,1,4
5470,547,4,2,2,1,3
5476,547,4,1,1,1,4
5496,549,4,2,2,1,3
5511,551,4,1,1,1,4
5518,551,4,4,1,2,1
5561,556,4,4,3,1,2
5582,558,4,2,2,2,4
5610,561,4,1,1,1,4
5629,562,4,4,4,1,2
5641,564,4,2,2,1,4
5657,565,4,2,2,2,4
5685,568,4,1,1,1,4
5804,580,4,4,3,1,2
5847,584,4,4,3,1,3
5849,584,4,1,1,1,4
5859,585,4,4,4,1,2
5860,586,4,3,3,2,3
5896,589,4,4,3,1,2
5910,591,4,4,3,1,1
5918,591,4,2,2,1,4
5941,594,4,3,3,1,3
5998,599,4,3,2,1,3
6016,601,4,2,2,1,4
6050,605,4,4,4,1,3
6056,605,4,3,3,1,4
6057,605,4,4,3,1,3
6086,608,4,4,4,2,2
6105,610,4,2,2,1,3
6150,615,4,3,3,1,3
6151,615,4,3,3,1,3
6156,615,4,1,1,1,4
6162,616,4,3,3,1,3
6186,618,4,2,1,1,3
6199,619,4,2,2,1,4
6205,620,4,3,3,1,4
6241,624,4,3,3,1,4
6247,624,4,2,1,1,3
6266,626,4,2,1,1,4
6274,627,4,1,1,1,4
6361,636,4,4,3,1,2
6447,644,4,4,2,1,1
6454,645,4,2,2,1,3
6459,645,4,2,2,1,4
6469,646,4,2,2,1,4
6481,648,4,1,1,1,4
6569,656,4,2,1,1,3
6573,657,4,4,3,1,2
6603,660,4,3,2,1,3
6609,660,4,2,1,1,3
6616,661,4,2,2,1,4
6618,661,4,2,1,1,3
6704,670,4,4,4,1,3
6713,671,4,4,4,1,2
6716,671,4,1,1,1,4
6729,672,4,1,1,1,4
6772,677,4,1,1,1,4
6791,679,4,4,3,1,1
6842,684,4,1,1,1,4
6854,685,4,3,2,1,3
6888,688,4,4,4,1,2
6903,690,4,1,1,1,4
6906,690,4,4,3,2,3
6913,691,4,2,2,1,4
6918,691,4,1,1,1,4
6928,692,4,3,2,2,4
6986,698,4,1,1,1,4
6987,698,4,4,3,1,1
7049,704,4,4,2,1,2
7058,705,4,1,1,1,4
7125,712,4,4,3,1,2
7140,714,4,2,2,2,4
7170,717,4,2,1,1,4
7175,717,4,3,3,1,4
7190,719,4,1,1,1,4
7198,719,4,4,2,1,2
7226,722,4,4,2,2,1
7234,723,4,1,1,1,4
7235,723,4,4,3,2,4
7266,726,4,3,3,1,3
7272,727,4,2,2,1,3
7299,729,4,2,1,1,4
7307,730,4,4,2,1,3
7322,732,4,3,3,1,4
7324,732,4,2,2,1,3
7352,735,4,1,1,1,4
7394,739,4,2,1,1,3
7414,741,4,3,2,1,4
7425,742,4,3,3,1,3
7434,743,4,2,2,1,3
7490,749,4,1,1,1,4
7501,750,4,2,2,1,4
7509,750,4,4,2,1,3
7547,754,4,4,3,1,3
7548,754,4,2,2,1,4
7571,757,4,3,1,1,3
7577,757,4,1,1,1,4
7627,762,4,1,1,1,4
7634,763,4,4,4,1,3
7635,763,4,2,1,1,4
7642,764,4,3,2,1,2
7686,768,4,3,3,2,3
7689,768,4,4,2,1,1
7690,769,4,2,2,1,4
7698,769,4,3,3,1,2
7744,774,4,3,3,1,4
7791,779,4,2,1,1,4
7798,779,4,2,2,1,4
7817,781,4,4,4,1,3
7865,786,4,1,1,1,4
7918,791,4,3,3,1,3
7965,796,4,3,2,2,3
7967,796,4,4,4,2,3
7972,797,4,4,2,2,1
7990,799,4,1,1,1,4
7999,799,4,1,1,1,4
8063,806,4,4,3,1,3
8111,811,4,3,3,1,3
8123,812,4,4,3,1,1
8162,816,4,4,1,2,2
8169,816,4,4,4,2,3
8283,828,4,4,4,1,2
8289,828,4,4,4,1,2
8295,829,4,1,1,1,4
8297,829,4,1,1,1,4
8304,830,4,1,1,1,4
8314,831,4,4,4,1,3
8344,834,4,3,3,1,3
8349,834,4,4,4,1,4
8353,835,4,3,1,2,3
8370,837,4,1,1,1,4
8394,839,4,3,2,2,3
8449,844,4,4,2,2,2
8477,847,4,2,2,1,4
8498,849,4,4,3,1,2
8597,859,4,1,1,1,4
8622,862,4,1,1,1,4
8656,865,4,2,1,1,3
8661,866,4,2,2,1,4
8670,867,4,4,2,2,1
8749,874,4,2,2,1,3
8818,881,4,4,4,1,1
8868,886,4,4,3,1,2
8903,890,4,4,4,1,1
8935,893,4,2,2,1,4
8941,894,4,1,1,1,4
8948,894,4,2,2,1,4
8951,895,4,1,1,1,4
8994,899,4,1,1,1,4
9000,900,4,3,3,1,4
9022,902,4,2,2,1,3
9058,905,4,4,2,1,1
9105,910,4,2,2,1,3
9107,910,4,2,2,1,4
9181,918,4,4,3,1,3
9231,923,4,2,2,1,3
9234,923,4,1,1,1,4
9237,923,4,1,1,1,4
9285,928,4,4,2,1,2
9289,928,4,2,2,1,3
9299,929,4,3,2,1,3
9340,934,4,2,2,1,4
9347,934,4,1,1,1,4
9383,938,4,3,3,1,3
9394,939,4,1,1,1,4
9407,940,4,2,2,1,4
9414,941,4,3,3,1,4
9512,951,4,2,2,1,4
9514,951,4,2,2,1,4
9524,952,4,4,4,1,4
9541,954,4,1,1,1,4
9546,954,4,3,3,1,3
9564,956,4,1,1,1,4
9570,957,4,4,3,1,2
9588,958,4,2,2,1,3
9591,959,4,4,3,1,1
9606,960,4,1,1,1,4
9622,962,4,1,1,1,4
9646,964,4,2,2,1,3
9661,966,4,1,1,1,4
9662,966,4,1,1,1,4
9710,971,4,1,1,1,4
9727,972,4,3,2,1,3
9735,973,4,3,3,1,4
9774,977,4,3,3,1,3
9876,987,4,1,1,1,4
9877,987,4,4,2,1,3
9879,987,4,4,3,1,2
9902,990,4,4,4,1,1
9957,995,4,2,2,1,4
9977,997,4,2,2,1,4
9982,998,4,4,2,1,2
9991,999,4,1,1,1,4
3,0,3,1,1,1,3
10,1,3,1,1,1,3
12,1,3,3,3,1,2
49,4,3,2,2,1,3
80,8,3,3,1,1,2
94,9,3,1,1,1,3
126,12,3,1,1,1,3
148,14,3,1,1,1,3
150,15,3,1,1,1,3
164,16,3,3,2,2,3
170,17,3,1,1,1,3
187,18,3,1,1,1,3
191,19,3,3,2,1,2
199,19,3,1,1,1,3
202,20,3,1,1,1,3
238,23,3,1,1,1,3
253,25,3,3,2,1,3
283,28,3,2,1,1,3
289,28,3,2,1,1,2
292,29,3,3,3,1,1
294,29,3,2,1,1,3
348,34,3,3,3,1,1
358,35,3,3,1,2,2
374,37,3,2,2,1,2
382,38,3,3,3,1,1
384,38,3,1,1,1,3
420,42,3,1,1,1,3
441,44,3,1,1,1,3
442,44,3,2,2,1,3
453,45,3,2,2,1,3
523,52,3,2,2,1,3
551,55,3,3,3,1,1
566,56,3,1,1,1,3
596,59,3,2,2,1,3
600,60,3,3,2,1,1
602,60,3,3,2,1,1
609,60,3,2,2,1,2
631,63,3,2,2,1,2
640,64,3,1,1,1,3
642,64,3,3,3,1,2
692,69,3,3,2,1,2
702,70,3,3,3,1,1
705,70,3,3,2,1,1
754,75,3,3,2,1,2
773,77,3,1,1,1,3
804,80,3,3,2,1,1
812,81,3,2,2,1,3
813,81,3,3,2,1,1
845,84,3,2,2,1,3
862,86,3,2,2,1,3
870,87,3,3,2,1,2
893,89,3,3,3,1,3
897,89,3,1,1,1,3
921,92,3,2,2,1,3
925,92,3,3,3,1,2
970,97,3,1,1,1,3
988,98,3,2,2,1,2
1033,103,3,3,2,1,2
1043,104,3,2,2,1,3
1045,104,3,1,1,1,3
1051,105,3,2,2,1,3
1082,108,3,3,3,1,3
1100,110,3,3,3,1,1
1122,112,3,1,1,1,3
1123,112,3,2,1,1,3
1146,114,3,3,3,1,2
1149,114,3,1,1,1,3
1194,119,3,1,1,1,3
1213,121,3,1,1,1,3
1261,126,3,3,1,1,1
1268,126,3,2,2,1,2
1290,129,3,2,2,1,2
1291,129,3,3,2,1,3
1296,129,3,3,2,1,2
1309,130,3,3,2,1,1
1315,131,3,3,3,1,1
1317,131,3,3,2,2,1
1340,134,3,2,2,1,3
1345,134,3,3,3,1,3
1348,134,3,2,1,1,3
1357,135,3,1,1,1,3
1362,136,3,2,2,1,2
1363,136,3,2,2,2,3
1372,137,3,1,1,1,3
1388,138,3,2,2,2,3
1418,141,3,2,2,1,3
1447,144,3,3,2,1,2
1457,145,3,2,1,1,3
1467,146,3,3,3,1,1
1473,147,3,2,2,1,3
1487,148,3,2,2,1,2
1503,150,3,3,1,1,1
1504,150,3,2,1,2,3
1522,152,3,1,1,1,3
1532,153,3,2,2,1,3
1540,154,3,1,1,1,3
1543,154,3,2,2,1,3
1545,154,3,1,1,1,3
1555,155,3,2,2,1,3
1580,158,3,3,3,1,2
1594,159,3,2,2,1,2
1628,162,3,1,1,1,3
1630,163,3,3,2,2,3
1671,167,3,1,1,1,3
1674,167,3,1,1,1,3
1678,167,3,3,2,1,2
1685,168,3,2,1,1,2
1695,169,3,3,2,1,3
1706,170,3,2,2,1,3
1728,172,3,3,2,1,1
1768,176,3,2,2,1,3
1791,179,3,3,1,2,1
1794,179,3,1,1,1,3
1884,188,3,3,2,2,1
1902,190,3,1,1,1,3
1947,194,3,1,1,1,3
1953,195,3,1,1,1,3
1968,196,3,1,1,1,3
2001,200,3,2,2,1,2
2003,200,3,3,1,1,1
2010,201,3,3,2,1,1
2018,201,3,3,2,1,2
2025,202,3,3,3,1,3
2033,203,3,3,2,2,2
2038,203,3,3,1,2,2
2039,203,3,1,1,1,3
2050,205,3,2,1,1,3
2075,207,3,1,1,1,3
2115,211,3,2,1,1,2
2116,211,3,1,1,1,3
2134,213,3,2,1,1,2
2146,214,3,3,3,1,3
2148,214,3,2,2,1,3
2151,215,3,1,1,1,3
2193,219,3,2,2,1,3
2212,221,3,1,1,1,3
2246,224,3,3,3,1,1
2264,226,3,1,1,1,3
2274,227,3,2,2,1,2
2309,230,3,2,2,1,3
2316,231,3,1,1,1,3
2322,232,3,1,1,1,3
2331,233,3,2,2,1,3
2342,234,3,1,1,1,3
2351,235,3,2,2,1,3
2384,238,3,2,1,1,3
2393,239,3,2,2,1,3
2412,241,3,3,3,1,3
2470,247,3,3,2,2,2
2528,252,3,3,3,1,2
2540,254,3,2,2,1,3
2558,255,3,1,1,1,3
2641,264,3,2,2,1,3
2663,266,3,2,2,1,3
2677,267,3,2,2,1,3
2681,268,3,3,3,1,2
2704,270,3,2,2,1,3
2711,271,3,2,2,1,3
2714,271,3,1,1,1,3
2717,271,3,1,1,1,3
2730,273,3,3,3,1,3
2765,276,3,3,3,1,1
2781,278,3,2,2,1,3
2790,279,3,2,2,1,3
2807,280,3,1,1,1,3
2808,280,3,1,1,1,3
2810,281,3,3,3,1,2
2813,281,3,2,2,1,3
2815,281,3,3,3,1,2
2823,282,3,1,1,1,3
2825,282,3,1,1,1,3
2870,287,3,3,3,1,2
2875,287,3,2,2,1,3
2879,287,3,2,2,1,3
2902,290,3,3,2,1,2
2915,291,3,2,1,1,3
2924,292,3,3,2,1,2
2936,293,3,3,3,1,1
2980,298,3,3,3,1,2
2989,298,3,1,1,1,3
3013,301,3,1,1,1,3
3021,302,3,3,3,1,2
3040,304,3,3,3,1,1
3047,304,3,1,1,1,3
3055,305,3,2,2,1,2
3056,305,3,1,1,1,3
3058,305,3,2,2,1,2
3103,310,3,2,1,1,3
3134,313,3,3,3,1,1
3200,320,3,3,1,1,1
3202,320,3,2,2,1,3
3206,320,3,1,1,1,3
3223,322,3,1,1,1,3
3226,322,3,1,1,1,3
3242,324,3,3,3,1,2
3265,326,3,2,2,1,3
3292,329,3,2,1,1,2
3293,329,3,3,2,1,2
3297,329,3,3,1,1,2
3300,330,3,3,2,1,3
3303,330,3,3,2,1,2
3306,330,3,1,1,1,3
3347,334,3,3,3,1,1
3354,335,3,1,1,1,3
3356,335,3,1,1,1,3
3361,336,3,1,1,1,3
3394,339,3,3,2,2,1
3406,340,3,3,3,1,1
3473,347,3,2,2,1,3
3474,347,3,1,1,1,3
3491,349,3,3,3,1,2
3507,350,3,3,3,1,1
3510,351,3,3,3,1,2
3531,353,3,1,1,1,3
3545,354,3,1,1,1,3
3591,359,3,3,3,1,2
3601,360,3,1,1,1,3
3602,360,3,2,2,1,3
3607,360,3,2,2,1,2
3620,362,3,3,2,1,2
3629,362,3,2,2,1,3
3641,364,3,2,2,1,3
3680,368,3,2,2,1,3
3698,369,3,1,1,1,3
3735,373,3,2,2,1,3
3737,373,3,2,2,1,3
3757,375,3,3,3,1,2
3795,379,3,2,2,1,2
3840,384,3,1,1,1,3
3874,387,3,3,2,1,2
3885,388,3,1,1,1,3
3912,391,3,2,2,1,3
3939,393,3,3,2,1,2
3947,394,3,2,1,1,2
3950,395,3,1,1,1,3
3959,395,3,3,2,2,1
3977,397,3,2,2,1,3
4010,401,3,3,3,1,1
4017,401,3,2,1,1,2
4040,404,3,3,2,1,2
4043,404,3,3,3,1,1
4045,404,3,2,2,1,3
4046,404,3,3,3,1,3
4067,406,3,3,2,2,2
4077,407,3,3,3,1,2
4102,410,3,3,3,1,3
4111,411,3,3,2,2,3
4141,414,3,2,2,1,3
4150,415,3,3,2,1,1
4161,416,3,2,2,1,3
4168,416,3,2,2,1,3
4177,417,3,1,1,1,3
4178,417,3,2,2,1,3
4183,418,3,2,2,1,2
4251,425,3,3,2,2,2
4290,429,3,3,3,1,2
4316,431,3,1,1,1,3
4332,433,3,2,2,1,3
4335,433,3,3,1,2,2
4340,434,3,2,2,1,2
4360,436,3,1,1,1,3
4363,436,3,1,1,1,3
4397,439,3,1,1,1,3
4398,439,3,2,2,1,3
4405,440,3,1,1,1,3
4413,441,3,3,2,1,1
4435,443,3,3,1,2,2
4441,444,3,2,2,1,2
4452,445,3,2,2,1,3
4500,450,3,3,3,1,2
4536,453,3,2,2,1,3
4545,454,3,2,2,1,2
4580,458,3,3,3,1,2
4596,459,3,1,1,1,3
4608,460,3,2,2,2,3
4617,461,3,3,3,1,3
4649,464,3,2,2,1,2
4716,471,3,3,2,2,2
4733,473,3,2,2,1,3
4738,473,3,3,3,1,1
4753,475,3,2,2,1,3
4760,476,3,2,1,1,3
4786,478,3,2,2,1,2
4803,480,3,2,2,1,3
4820,482,3,2,2,1,3
4829,482,3,3,2,1,1
4839,483,3,1,1,1,3
4847,484,3,2,2,1,3
4908,490,3,2,2,1,3
4934,493,3,3,2,1,3
4942,494,3,1,1,1,3
4975,497,3,3,3,1,3
4995,499,3,1,1,1,3
5004,500,3,1,1,1,3
5045,504,3,2,2,1,2
5046,504,3,1,1,1,3
5057,505,3,3,3,1,3
5079,507,3,1,1,1,3
5113,511,3,2,1,1,2
5127,512,3,1,1,1,3
5137,513,3,1,1,1,3
5139,513,3,1,1,1,3
5176,517,3,2,2,1,3
5197,519,3,1,1,1,3
5205,520,3,3,3,1,2
5245,524,3,3,3,2,1
5249,524,3,3,2,1,1
5256,525,3,3,3,1,1
5286,528,3,1,1,1,3
5290,529,3,3,2,1,2
5297,529,3,2,2,1,3
5307,530,3,2,2,1,2
5324,532,3,2,2,1,3
5327,532,3,1,1,1,3
5372,537,3,1,1,1,3
5375,537,3,3,3,1,2
5378,537,3,3,2,1,1
5385,538,3,1,1,1,3
5406,540,3,1,1,1,3
5430,543,3,2,2,1,3
5432,543,3,2,2,1,2
5452,545,3,1,1,1,3
5475,547,3,1,1,1,3
5478,547,3,3,2,1,1
5493,549,3,3,1,1,2
5494,549,3,3,2,1,1
5510,551,3,2,1,1,3
5564,556,3,2,2,1,3
5570,557,3,3,3,1,3
5577,557,3,2,2,1,3
5580,558,3,3,3,1,2
5585,558,3,1,1,1,3
5596,559,3,1,1,1,3
5598,559,3,1,1,1,3
5601,560,3,3,3,1,3
5627,562,3,2,1,1,3
5681,568,3,2,2,1,3
5751,575,3,2,2,1,3
5765,576,3,2,2,1,3
5785,578,3,1,1,1,3
5787,578,3,2,2,1,3
5828,582,3,2,2,1,3
5846,584,3,2,2,1,3
5848,584,3,3,3,1,2
5851,585,3,2,2,1,3
5863,586,3,1,1,1,3
5864,586,3,2,2,1,3
5904,590,3,1,1,1,3
5909,590,3,2,1,1,3
5937,593,3,3,3,1,2
5948,594,3,1,1,1,3
5963,596,3,1,1,1,3
5975,597,3,3,2,1,3
6039,603,3,1,1,1,3
6045,604,3,3,2,1,3
6116,611,3,1,1,1,3
6129,612,3,3,2,1,1
6135,613,3,2,2,1,3
6182,618,3,3,3,1,3
6193,619,3,2,2,1,3
6203,620,3,3,3,1,2
6252,625,3,2,2,1,3
6264,626,3,3,2,1,2
6294,629,3,2,1,1,3
6375,637,3,3,2,1,2
6390,639,3,1,1,1,3
6391,639,3,1,1,1,3
6457,645,3,1,1,1,3
6460,646,3,3,2,1,1
6462,646,3,2,1,1,3
6498,649,3,2,2,1,3
6503,650,3,2,2,1,2
6547,654,3,2,2,1,3
6584,658,3,3,1,2,1
6585,658,3,3,3,1,2
6591,659,3,3,3,1,2
6596,659,3,1,1,1,3
6598,659,3,2,2,1,3
6605,660,3,2,2,1,3
6620,662,3,2,2,1,3
6636,663,3,1,1,1,3
6656,665,3,3,3,1,3
6684,668,3,3,3,1,3
6708,670,3,1,1,1,3
6751,675,3,3,2,2,2
6774,677,3,3,3,1,1
6777,677,3,3,3,1,2
6788,678,3,1,1,1,3
6804,680,3,3,3,1,2
6825,682,3,2,2,2,2
6829,682,3,2,2,2,3
6831,683,3,3,3,1,1
6832,683,3,2,2,1,3
6847,684,3,3,3,1,1
6851,685,3,2,2,1,3
6870,687,3,2,2,1,3
6904,690,3,2,1,1,2
6914,691,3,2,2,1,3
6937,693,3,2,2,1,2
6954,695,3,1,1,1,3
6965,696,3,3,2,1,2
6972,697,3,2,2,1,3
6979,697,3,1,1,1,3
7014,701,3,1,1,1,3
7037,703,3,1,1,1,3
7085,708,3,3,2,2,3
7117,711,3,1,1,1,3
7137,713,3,2,2,1,3
7153,715,3,3,3,1,2
7155,715,3,3,2,1,1
7156,715,3,3,2,1,1
7158,715,3,3,3,1,3
7160,716,3,3,3,1,3
7166,716,3,2,2,1,3
7174,717,3,3,2,1,3
7215,721,3,2,2,1,3
7238,723,3,2,2,1,3
7248,724,3,2,1,1,2
7256,725,3,1,1,1,3
7291,729,3,3,1,1,2
7393,739,3,1,1,1,3
7423,742,3,2,2,1,3
7433,743,3,2,1,1,3
7438,743,3,1,1,1,3
7459,745,3,1,1,1,3
7476,747,3,1,1,1,3
7484,748,3,1,1,1,3
7506,750,3,3,2,1,3
7517,751,3,2,1,1,3
7525,752,3,3,2,2,1
7529,752,3,3,2,1,1
7555,755,3,3,1,1,1
7559,755,3,1,1,1,3
7589,758,3,1,1,1,3
7591,759,3,3,3,1,3
7618,761,3,3,3,1,3
7637,763,3,3,3,1,2
7652,765,3,2,1,2,2
7656,765,3,1,1,1,3
7696,769,3,3,3,1,2
7713,771,3,3,2,1,3
7735,773,3,2,2,1,3
7749,774,3,1,1,1,3
7763,776,3,1,1,1,3
7766,776,3,2,2,1,3
7830,783,3,1,1,1,3
7839,783,3,2,2,2,3
7854,785,3,3,3,1,1
7862,786,3,3,2,1,2
7864,786,3,2,2,1,3
7890,789,3,1,1,1,3
7899,789,3,2,2,2,3
7952,795,3,3,2,1,1
7960,796,3,3,2,1,1
7964,796,3,1,1,1,3
7968,796,3,1,1,1,3
7988,798,3,3,3,1,2
8021,802,3,3,2,1,2
8041,804,3,1,1,1,3
8045,804,3,2,2,1,2
8046,804,3,1,1,1,3
8102,810,3,1,1,1,3
8122,812,3,2,2,1,3
8138,813,3,2,2,1,2
8172,817,3,2,1,1,2
8183,818,3,1,1,1,3
8210,821,3,1,1,1,3
8227,822,3,1,1,1,3
8231,823,3,3,2,1,2
8238,823,3,2,1,1,3
8254,825,3,3,3,1,1
8255,825,3,3,3,1,2
8316,831,3,2,2,1,3
8318,831,3,1,1,1,3
8329,832,3,2,1,1,3
8363,836,3,1,1,1,3
8371,837,3,1,1,1,3
8389,838,3,1,1,1,3
8413,841,3,2,2,1,3
8439,843,3,3,2,2,1
8450,845,3,1,1,1,3
8464,846,3,1,1,1,3
8466,846,3,3,1,1,2
8485,848,3,2,1,1,2
8505,850,3,1,1,1,3
8511,851,3,3,3,1,2
8514,851,3,2,2,1,2
8523,852,3,2,1,1,3
8542,854,3,3,3,1,3
8544,854,3,3,3,2,1
8547,854,3,1,1,1,3
8551,855,3,3,2,2,2
8561,856,3,3,3,1,2
8574,857,3,2,2,1,3
8586,858,3,3,3,1,3
8623,862,3,2,2,1,3
8632,863,3,3,2,1,2
8638,863,3,2,2,2,3
8662,866,3,3,2,1,2
8663,866,3,1,1,1,3
8666,866,3,1,1,1,3
8697,869,3,3,3,1,2
8776,877,3,3,2,1,2
8777,877,3,1,1,1,3
8782,878,3,2,2,1,3
8790,879,3,1,1,1,3
8882,888,3,3,3,2,2
8883,888,3,1,1,1,3
8889,888,3,3,1,1,1
8966,896,3,1,1,1,3
8976,897,3,2,2,1,3
8978,897,3,1,1,1,3
9017,901,3,3,3,2,2
9041,904,3,3,3,1,2
9050,905,3,3,2,1,3
9091,909,3,2,2,1,3
9114,911,3,2,2,1,3
9173,917,3,3,2,2,1
9197,919,3,3,2,2,2
9252,925,3,2,1,1,2
9276,927,3,2,1,1,2
9279,927,3,3,3,1,3
9282,928,3,1,1,1,3
9308,930,3,1,1,1,3
9342,934,3,1,1,1,3
9364,936,3,3,3,1,3
9370,937,3,3,1,1,1
9412,941,3,2,1,1,3
9432,943,3,3,3,1,3
9443,944,3,2,2,1,3
9462,946,3,2,2,1,2
9473,947,3,2,2,1,2
9523,952,3,2,2,2,3
9536,953,3,2,1,1,2
9550,955,3,1,1,1,3
9598,959,3,2,2,1,2
9601,960,3,1,1,1,3
9610,961,3,3,2,1,3
9633,963,3,3,3,1,3
9697,969,3,2,2,1,2
9718,971,3,1,1,1,3
9720,972,3,2,1,1,3
9729,972,3,3,3,1,2
9789,978,3,2,2,1,2
9799,979,3,1,1,1,3
9816,981,3,3,2,1,1
9821,982,3,2,2,1,2
9825,982,3,1,1,1,3
9842,984,3,3,2,1,2
9855,985,3,3,2,1,2
9862,986,3,3,3,1,2
9915,991,3,1,1,1,3
9920,992,3,2,2,1,2
9997,999,3,1,1,1,3
8,0,2,2,2,1,2
17,1,2,2,2,1,2
38,3,2,2,1,1,2
51,5,2,1,1,1,2
77,7,2,1,1,1,2
105,10,2,2,1,1,1
114,11,2,2,1,1,1
123,12,2,1,1,1,2
136,13,2,2,2,1,1
137,13,2,1,1,1,2
140,14,2,2,2,1,2
145,14,2,2,2,1,2
151,15,2,2,2,1,2
177,17,2,2,2,2,1
230,23,2,2,2,1,1
249,24,2,2,2,1,1
276,27,2,1,1,1,2
278,27,2,2,2,1,1
280,28,2,1,1,1,2
288,28,2,2,2,1,1
293,29,2,2,2,1,2
301,30,2,2,2,1,1
306,30,2,2,2,1,1
309,30,2,1,1,1,2
329,32,2,2,2,1,1
330,33,2,1,1,1,2
335,33,2,2,2,1,2
344,34,2,1,1,1,2
350,35,2,1,1,1,2
354,35,2,1,1,1,2
356,35,2,2,2,1,1
372,37,2,1,1,1,2
388,38,2,2,2,1,2
389,38,2,1,1,1,2
390,39,2,2,2,1,2
415,41,2,2,2,1,1
424,42,2,2,2,1,1
429,42,2,2,2,1,2
433,43,2,1,1,1,2
434,43,2,2,2,1,2
449,44,2,2,1,1,2
452,45,2,1,1,1,2
454,45,2,2,2,1,2
465,46,2,2,1,1,2
481,48,2,2,2,1,2
488,48,2,2,2,1,2
501,50,2,1,1,1,2
511,51,2,2,2,1,1
528,52,2,2,2,1,2
532,53,2,2,2,1,1
535,53,2,1,1,1,2
570,57,2,2,1,1,1
572,57,2,2,2,1,1
576,57,2,2,2,1,1
595,59,2,1,1,1,2
611,61,2,1,1,1,2
653,65,2,2,2,1,2
658,65,2,2,2,1,1
668,66,2,2,2,1,2
670,67,2,2,2,1,1
679,67,2,2,2,2,1
680,68,2,2,2,1,2
694,69,2,2,1,1,2
699,69,2,2,2,2,2
747,74,2,2,2,1,2
748,74,2,1,1,1,2
758,75,2,2,1,1,2
766,76,2,2,2,1,2
791,79,2,1,1,1,2
794,79,2,2,2,1,2
802,80,2,2,2,1,2
818,81,2,1,1,1,2
829,82,2,2,1,1,1
832,83,2,2,2,1,2
836,83,2,1,1,1,2
841,84,2,2,1,1,2
854,85,2,2,2,1,2
866,86,2,2,2,1,1
868,86,2,2,2,1,2
877,87,2,2,1,1,1
878,87,2,1,1,1,2
880,88,2,2,2,1,2
889,88,2,1,1,1,2
914,91,2,2,2,1,2
920,92,2,2,2,1,1
946,94,2,1,1,1,2
962,96,2,2,1,1,1
971,97,2,1,1,1,2
991,99,2,2,2,2,1
1024,102,2,2,2,1,2
1050,105,2,2,1,1,2
1056,105,2,2,2,1,2
1068,106,2,2,1,1,1
1069,106,2,2,2,1,1
1088,108,2,2,2,1,2
1104,110,2,2,1,1,1
1107,110,2,1,1,1,2
1154,115,2,1,1,1,2
1163,116,2,2,1,1,2
1171,117,2,1,1,1,2
1195,119,2,2,2,1,1
1198,119,2,2,1,1,2
1207,120,2,2,1,1,1
1226,122,2,2,2,1,2
1228,122,2,1,1,1,2
1236,123,2,2,1,1,2
1237,123,2,2,1,1,2
1240,124,2,2,2,1,1
1269,126,2,2,2,1,2
1275,127,2,2,2,1,1
1282,128,2,2,2,1,2
1293,129,2,2,2,1,1
1298,129,2,2,1,1,2
1299,129,2,2,2,2,1
1303,130,2,1,1,1,2
1311,131,2,2,1,1,1
1334,133,2,1,1,1,2
1350,135,2,2,2,1,2
1369,136,2,2,2,1,2
1387,138,2,2,2,1,1
1394,139,2,2,2,1,2
1399,139,2,2,2,1,2
1416,141,2,2,2,1,1
1420,142,2,2,2,1,2
1423,142,2,2,2,1,1
1437,143,2,2,2,2,2
1449,144,2,2,2,2,2
1452,145,2,2,2,1,1
1468,146,2,1,1,1,2
1476,147,2,2,1,1,1
1478,147,2,1,1,1,2
1479,147,2,2,2,1,2
1484,148,2,1,1,1,2
1485,148,2,2,1,1,1
1488,148,2,2,1,1,1
1489,148,2,1,1,1,2
1498,149,2,2,1,1,1
1521,152,2,1,1,1,2
1528,152,2,2,2,1,1
1533,153,2,1,1,1,2
1542,154,2,2,2,1,2
1561,156,2,1,1,1,2
1566,156,2,2,1,1,2
1573,157,2,1,1,1,2
1575,157,2,2,1,1,2
1582,158,2,1,1,1,2
1588,158,2,1,1,1,2
1652,165,2,1,1,1,2
1655,165,2,2,2,1,2
1664,166,2,2,2,2,2
1668,166,2,2,2,1,1
1669,166,2,1,1,1,2
1677,167,2,1,1,1,2
1680,168,2,1,1,1,2
1684,168,2,1,1,1,2
1688,168,2,2,1,1,1
1689,168,2,2,2,2,2
1696,169,2,2,1,1,2
1711,171,2,2,2,1,2
1721,172,2,2,2,1,1
1722,172,2,2,2,1,2
1723,172,2,2,2,1,2
1724,172,2,1,1,1,2
1760,176,2,2,2,1,1
1761,176,2,2,2,1,1
1789,178,2,1,1,1,2
1796,179,2,2,2,1,2
1801,180,2,2,1,1,2
1813,181,2,2,1,1,2
1822,182,2,1,1,1,2
1823,182,2,1,1,1,2
1841,184,2,2,1,1,1
1851,185,2,1,1,1,2
1889,188,2,2,1,1,1
1893,189,2,1,1,1,2
1905,190,2,2,1,1,1
1909,190,2,1,1,1,2
1930,193,2,1,1,1,2
1933,193,2,1,1,1,2
1936,193,2,1,1,1,2
1961,196,2,1,1,1,2
1972,197,2,1,1,1,2
1981,198,2,1,1,1,2
1983,198,2,2,2,1,1
1992,199,2,2,2,1,2
2005,200,2,1,1,1,2
2007,200,2,2,2,1,2
2011,201,2,2,1,1,2
2042,204,2,2,2,1,1
2072,207,2,2,1,1,1
2080,208,2,2,2,1,2
2087,208,2,2,2,1,1
2090,209,2,1,1,1,2
2137,213,2,1,1,1,2
2156,215,2,2,2,1,2
2161,216,2,2,1,2,1
2164,216,2,1,1,1,2
2189,218,2,1,1,1,2
2191,219,2,2,2,1,2
2203,220,2,1,1,1,2
2208,220,2,1,1,1,2
2248,224,2,1,1,1,2
2249,224,2,2,2,1,2
2280,228,2,2,2,1,1
2285,228,2,2,2,1,2
2291,229,2,1,1,1,2
2300,230,2,2,2,2,1
2307,230,2,1,1,1,2
2311,231,2,1,1,1,2
2318,231,2,2,2,1,1
2319,231,2,2,2,1,2
2321,232,2,2,2,1,2
2324,232,2,1,1,1,2
2338,233,2,2,2,1,1
2358,235,2,1,1,1,2
2372,237,2,2,2,1,1
2373,237,2,2,2,1,2
2383,238,2,1,1,1,2
2388,238,2,2,2,1,2
2394,239,2,2,2,1,2
2397,239,2,2,2,1,1
2427,242,2,2,2,1,2
2433,243,2,1,1,1,2
2438,243,2,2,2,1,2
2458,245,2,2,2,1,1
2461,246,2,1,1,1,2
2473,247,2,2,2,1,2
2478,247,2,2,1,1,2
2487,248,2,2,2,1,1
2490,249,2,1,1,1,2
2494,249,2,2,2,1,2
2498,249,2,1,1,1,2
2513,251,2,2,1,1,1
2514,251,2,1,1,1,2
2523,252,2,2,2,1,2
2550,255,2,2,2,1,1
2557,255,2,1,1,1,2
2562,256,2,2,2,1,2
2569,256,2,1,1,1,2
2570,257,2,2,1,2,1
2573,257,2,1,1,1,2
2577,257,2,1,1,1,2
2602,260,2,2,2,1,2
2607,260,2,2,2,1,1
2624,262,2,1,1,1,2
2632,263,2,2,2,1,2
2637,263,2,1,1,1,2
2639,263,2,2,1,1,2
2652,265,2,1,1,1,2
2672,267,2,2,2,1,1
2685,268,2,2,1,1,1
2718,271,2,1,1,1,2
2733,273,2,2,2,1,1
2744,274,2,1,1,1,2
2760,276,2,1,1,1,2
2789,278,2,2,2,1,2
2816,281,2,2,2,2,2
2831,283,2,2,2,1,2
2851,285,2,2,2,1,2
2857,285,2,2,2,1,1
2898,289,2,1,1,1,2
2908,290,2,2,2,1,2
2911,291,2,2,2,1,2
2914,291,2,1,1,1,2
2926,292,2,1,1,1,2
2945,294,2,2,2,1,2
2963,296,2,2,2,1,2
2977,297,2,2,2,1,1
2984,298,2,2,2,1,2
2995,299,2,2,2,1,2
3003,300,2,2,1,1,2
3004,300,2,1,1,1,2
3019,301,2,2,2,1,1
3029,302,2,2,2,1,2
3066,306,2,2,1,1,1
3077,307,2,1,1,1,2
3096,309,2,1,1,1,2
3098,309,2,1,1,1,2
3131,313,2,1,1,1,2
3139,313,2,2,2,1,1
3141,314,2,2,1,1,1
3158,315,2,2,2,1,2
3170,317,2,2,2,1,2
3193,319,2,1,1,1,2
3198,319,2,1,1,1,2
3201,320,2,2,2,1,1
3207,320,2,2,2,1,1
3215,321,2,2,2,1,2
3238,323,2,1,1,1,2
3241,324,2,1,1,1,2
3247,324,2,1,1,1,2
3251,325,2,1,1,1,2
3253,325,2,1,1,1,2
3273,327,2,2,2,1,2
3274,327,2,2,2,1,1
3295,329,2,1,1,1,2
3308,330,2,2,2,1,1
3320,332,2,1,1,1,2
3324,332,2,2,2,1,1
3333,333,2,2,2,1,2
3337,333,2,2,2,1,2
3389,338,2,1,1,1,2
3404,340,2,2,1,1,1
3432,343,2,2,2,1,2
3452,345,2,2,2,1,2
3468,346,2,1,1,1,2
3478,347,2,1,1,1,2
3482,348,2,2,2,1,2
3504,350,2,2,1,1,2
3513,351,2,1,1,1,2
3515,351,2,2,2,1,2
3518,351,2,2,1,1,2
3540,354,2,2,1,1,1
3550,355,2,2,2,1,2
3556,355,2,2,2,1,2
3585,358,2,1,1,1,2
3593,359,2,2,1,1,1
3616,361,2,2,1,1,1
3625,362,2,2,1,1,2
3646,364,2,2,2,1,2
3654,365,2,2,2,1,1
3661,366,2,2,2,1,2
3668,366,2,2,2,1,1
3674,367,2,2,2,1,2
3685,368,2,2,2,1,2
3722,372,2,1,1,1,2
3728,372,2,1,1,1,2
3734,373,2,2,2,1,1
3748,374,2,1,1,1,2
3760,376,2,2,2,1,1
3782,378,2,1,1,1,2
3788,378,2,2,2,1,1
3825,382,2,1,1,1,2
3827,382,2,1,1,1,2
3850,385,2,2,2,1,2
3851,385,2,2,2,1,1
3858,385,2,1,1,1,2
3862,386,2,2,2,1,2
3872,387,2,2,2,1,2
3873,387,2,2,2,1,2
3876,387,2,2,1,1,1
3880,388,2,2,2,1,1
3892,389,2,1,1,1,2
3893,389,2,2,1,1,1
3894,389,2,2,2,1,1
3900,390,2,2,2,1,2
3925,392,2,2,2,1,1
3955,395,2,2,2,1,2
4000,400,2,1,1,1,2
4009,400,2,2,2,1,1
4011,401,2,2,1,1,1
4019,401,2,1,1,1,2
4033,403,2,2,2,1,2
4053,405,2,1,1,1,2
4062,406,2,1,1,1,2
4083,408,2,2,2,2,1
4089,408,2,2,1,1,1
4093,409,2,2,1,1,1
4101,410,2,1,1,1,2
4106,410,2,2,2,1,2
4153,415,2,2,2,1,1
4174,417,2,1,1,1,2
4186,418,2,2,1,1,2
4190,419,2,1,1,1,2
4205,420,2,2,2,1,1
4242,424,2,2,2,1,2
4244,424,2,2,2,1,2
4270,427,2,1,1,1,2
4271,427,2,1,1,1,2
4275,427,2,2,2,1,2
4309,430,2,2,1,1,2
4321,432,2,2,2,1,2
4351,435,2,1,1,1,2
4355,435,2,2,2,1,2
4383,438,2,2,2,1,1
4389,438,2,1,1,1,2
4403,440,2,2,2,1,2
4412,441,2,1,1,1,2
4420,442,2,2,2,1,1
4426,442,2,1,1,1,2
4429,442,2,2,1,1,2
4471,447,2,2,2,1,2
4480,448,2,2,2,2,2
4483,448,2,2,2,1,2
4502,450,2,2,1,2,1
4504,450,2,2,2,2,1
4506,450,2,2,2,1,2
4521,452,2,1,1,1,2
4532,453,2,2,2,1,2
4538,453,2,2,1,1,1
4539,453,2,2,2,1,2
4550,455,2,1,1,1,2
4554,455,2,2,1,2,1
4567,456,2,1,1,1,2
4574,457,2,2,2,1,1
4576,457,2,1,1,1,2
4577,457,2,1,1,1,2
4589,458,2,1,1,1,2
4606,460,2,1,1,1,2
4607,460,2,1,1,1,2
4613,461,2,2,1,1,1
4627,462,2,2,2,2,1
4637,463,2,2,1,2,2
4642,464,2,2,2,1,2
4650,465,2,2,1,1,1
4659,465,2,2,2,1,1
4671,467,2,2,2,1,2
4677,467,2,1,1,1,2
4679,467,2,2,1,1,2
4722,472,2,2,1,1,2
4726,472,2,2,2,1,2
4730,473,2,2,1,1,2
4749,474,2,1,1,1,2
4750,475,2,1,1,1,2
4755,475,2,2,2,1,2
4756,475,2,2,2,1,2
4758,475,2,2,2,1,1
4789,478,2,2,2,1,2
4790,479,2,2,2,1,1
4792,479,2,1,1,1,2
4800,480,2,2,1,2,2
4804,480,2,1,1,1,2
4824,482,2,1,1,1,2
4832,483,2,1,1,1,2
4858,485,2,2,1,2,2
4871,487,2,2,2,1,2
4887,488,2,2,1,1,1
4902,490,2,1,1,1,2
4904,490,2,1,1,1,2
4918,491,2,2,2,1,1
4923,492,2,2,2,1,2
4930,493,2,2,2,1,1
4933,493,2,2,2,1,1
4979,497,2,1,1,1,2
5017,501,2,1,1,1,2
5024,502,2,2,2,1,2
5034,503,2,2,2,1,1
5051,505,2,1,1,1,2
5097,509,2,2,2,1,1
5099,509,2,1,1,1,2
5111,511,2,1,1,1,2
5115,511,2,1,1,1,2
5124,512,2,2,1,1,1
5128,512,2,2,2,1,1
5192,519,2,2,2,1,2
5200,520,2,1,1,1,2
5215,521,2,2,2,1,1
5251,525,2,2,2,1,1
5257,525,2,2,2,1,2
5264,526,2,1,1,1,2
5283,528,2,2,2,1,2
5287,528,2,2,1,1,2
5308,530,2,1,1,1,2
5321,532,2,2,2,1,2
5322,532,2,2,2,1,1
5356,535,2,2,2,1,2
5384,538,2,2,2,2,1
5408,540,2,2,2,2,2
5424,542,2,1,1,1,2
5431,543,2,1,1,1,2
5441,544,2,1,1,1,2
5448,544,2,2,2,1,2
5451,545,2,2,2,2,2
5453,545,2,1,1,1,2
5462,546,2,2,2,1,1
5499,549,2,2,2,1,1
5529,552,2,2,2,1,1
5542,554,2,1,1,1,2
5545,554,2,2,2,1,2
5567,556,2,2,2,1,1
5595,559,2,1,1,1,2
5606,560,2,2,2,1,1
5617,561,2,1,1,1,2
5634,563,2,1,1,1,2
5645,564,2,2,2,1,2
5654,565,2,2,2,1,2
5666,566,2,2,1,1,2
5680,568,2,1,1,1,2
5767,576,2,2,2,1,1
5778,577,2,2,2,1,1
5780,578,2,2,2,1,1
5790,579,2,2,2,1,2
5814,581,2,2,2,1,1
5867,586,2,2,2,1,1
5874,587,2,1,1,1,2
5895,589,2,1,1,1,2
5938,593,2,2,2,1,2
5952,595,2,2,1,1,1
5972,597,2,2,1,1,1
5976,597,2,2,2,1,2
5981,598,2,1,1,1,2
6018,601,2,2,2,2,1
6029,602,2,1,1,1,2
6036,603,2,2,2,1,2
6046,604,2,2,2,1,2
6052,605,2,1,1,1,2
6082,608,2,2,1,1,1
6110,611,2,1,1,1,2
6113,611,2,2,2,1,2
6117,611,2,1,1,1,2
6131,613,2,2,1,1,2
6138,613,2,1,1,1,2
6144,614,2,1,1,1,2
6164,616,2,2,2,2,1
6167,616,2,1,1,1,2
6184,618,2,1,1,1,2
6194,619,2,2,2,1,2
6202,620,2,2,1,1,1
6209,620,2,1,1,1,2
6228,622,2,2,1,1,1
6230,623,2,1,1,1,2
6234,623,2,2,2,1,2
6236,623,2,2,2,1,1
6250,625,2,2,2,1,2
6254,625,2,1,1,1,2
6289,628,2,1,1,1,2
6300,630,2,2,2,1,2
6302,630,2,2,1,2,1
6313,631,2,2,2,1,2
6316,631,2,1,1,1,2
6325,632,2,2,1,1,2
6338,633,2,1,1,1,2
6339,633,2,2,1,1,1
6350,635,2,1,1,1,2
6383,638,2,1,1,1,2
6384,638,2,1,1,1,2
6387,638,2,1,1,1,2
6406,640,2,2,2,1,1
6426,642,2,1,1,1,2
6438,643,2,2,2,1,2
6463,646,2,2,2,1,2
6470,647,2,1,1,1,2
6475,647,2,1,1,1,2
6478,647,2,2,2,1,2
6531,653,2,1,1,1,2
6578,657,2,1,1,1,2
6580,658,2,2,2,1,1
6588,658,2,2,2,1,1
6614,661,2,1,1,1,2
6651,665,2,2,2,1,1
6669,666,2,2,2,1,2
6673,667,2,2,2,1,1
6680,668,2,2,2,2,2
6682,668,2,2,2,1,2
6687,668,2,2,2,1,1
6688,668,2,2,1,1,1
6718,671,2,2,2,1,2
6731,673,2,1,1,1,2
6745,674,2,2,2,1,1
6779,677,2,2,1,1,1
6784,678,2,2,2,1,2
6792,679,2,1,1,1,2
6794,679,2,2,2,1,2
6806,680,2,2,1,1,1
6828,682,2,2,2,1,2
6837,683,2,2,1,1,2
6864,686,2,1,1,1,2
6871,687,2,1,1,1,2
6890,689,2,1,1,1,2
6896,689,2,1,1,1,2
6945,694,2,2,2,1,2
7001,700,2,2,2,2,1
7021,702,2,1,1,1,2
7046,704,2,2,2,1,1
7061,706,2,2,2,1,1
7068,706,2,1,1,1,2
7070,707,2,2,2,1,2
7077,707,2,2,2,1,2
7088,708,2,1,1,1,2
7129,712,2,2,2,1,2
7130,713,2,1,1,1,2
7139,713,2,2,2,1,2
7151,715,2,2,2,1,1
7164,716,2,2,2,1,2
7165,716,2,2,1,1,1
7172,717,2,2,2,1,2
7173,717,2,1,1,1,2
7185,718,2,1,1,1,2
7194,719,2,2,1,1,1
7199,719,2,2,2,1,2
7213,721,2,2,2,1,2
7214,721,2,1,1,1,2
7231,723,2,2,2,1,2
7245,724,2,1,1,1,2
7259,725,2,1,1,1,2
7279,727,2,2,2,1,2
7284,728,2,2,2,1,2
7286,728,2,2,2,2,2
7287,728,2,1,1,1,2
7296,729,2,2,2,1,1
7300,730,2,2,2,1,2
7302,730,2,2,2,1,1
7343,734,2,1,1,1,2
7346,734,2,2,2,1,2
7347,734,2,1,1,1,2
7387,738,2,2,2,2,2
7403,740,2,2,2,1,1
7427,742,2,1,1,1,2
7456,745,2,2,2,1,1
7468,746,2,1,1,1,2
7469,746,2,1,1,1,2
7488,748,2,1,1,1,2
7495,749,2,2,2,2,1
7513,751,2,2,2,1,1
7526,752,2,2,1,1,1
7530,753,2,2,2,1,2
7546,754,2,1,1,1,2
7576,757,2,1,1,1,2
7610,761,2,1,1,1,2
7617,761,2,2,1,1,2
7628,762,2,1,1,1,2
7646,764,2,1,1,1,2
7647,764,2,2,1,1,1
7668,766,2,2,2,1,2
7700,770,2,2,1,1,2
7702,770,2,2,2,1,2
7709,770,2,2,2,2,1
7712,771,2,2,2,1,1
7733,773,2,2,2,1,2
7742,774,2,2,2,1,2
7751,775,2,2,2,1,2
7760,776,2,2,2,1,2
7764,776,2,1,1,1,2
7770,777,2,2,2,1,2
7781,778,2,1,1,1,2
7794,779,2,2,2,1,2
7806,780,2,2,1,1,1
7809,780,2,2,2,1,1
7810,781,2,2,2,1,1
7814,781,2,2,2,1,2
7826,782,2,2,2,1,1
7853,785,2,1,1,1,2
7861,786,2,1,1,1,2
7863,786,2,1,1,1,2
7873,787,2,1,1,1,2
7886,788,2,2,2,1,2
7889,788,2,1,1,1,2
7907,790,2,1,1,1,2
7911,791,2,2,2,1,1
7923,792,2,1,1,1,2
7945,794,2,2,2,1,2
7948,794,2,1,1,1,2
7985,798,2,1,1,1,2
7986,798,2,2,2,1,1
8009,800,2,2,2,1,2
8022,802,2,1,1,1,2
8023,802,2,2,2,2,2
8026,802,2,2,2,1,2
8034,803,2,2,2,2,2
8055,805,2,1,1,1,2
8065,806,2,1,1,1,2
8066,806,2,1,1,1,2
8124,812,2,2,1,1,2
8125,812,2,1,1,1,2
8137,813,2,1,1,1,2
8159,815,2,2,2,1,1
8160,816,2,2,1,1,2
8163,816,2,2,2,2,1
8177,817,2,1,1,1,2
8178,817,2,2,1,2,2
8180,818,2,2,2,1,1
8206,820,2,2,2,1,2
8209,820,2,2,2,1,2
8213,821,2,2,1,1,1
8218,821,2,1,1,1,2
8235,823,2,1,1,1,2
8256,825,2,2,2,1,1
8261,826,2,2,2,1,1
8274,827,2,2,2,1,2
8300,830,2,1,1,1,2
8309,830,2,2,2,1,1
8317,831,2,2,1,1,2
8359,835,2,2,2,1,1
8361,836,2,2,2,1,1
8367,836,2,2,2,1,2
8372,837,2,2,1,1,1
8378,837,2,2,2,1,2
8408,840,2,2,2,1,1
8423,842,2,1,1,1,2
8432,843,2,1,1,1,2
8461,846,2,2,2,1,2
8472,847,2,2,1,1,2
8476,847,2,1,1,1,2
8496,849,2,2,2,1,2
8509,850,2,1,1,1,2
8521,852,2,2,2,1,2
8524,852,2,1,1,1,2
8534,853,2,1,1,1,2
8540,854,2,2,2,1,1
8548,854,2,1,1,1,2
8594,859,2,2,2,1,2
8618,861,2,1,1,1,2
8619,861,2,2,2,1,2
8624,862,2,2,1,1,1
8625,862,2,2,2,1,2
8644,864,2,1,1,1,2
8652,865,2,1,1,1,2
8668,866,2,1,1,1,2
8683,868,2,1,1,1,2
8686,868,2,1,1,1,2
8691,869,2,2,2,1,2
8695,869,2,2,2,1,1
8707,870,2,2,2,1,2
8709,870,2,1,1,1,2
8726,872,2,2,2,1,2
8745,874,2,2,2,1,1
8753,875,2,1,1,1,2
8786,878,2,1,1,1,2
8794,879,2,2,2,1,2
8799,879,2,1,1,1,2
8840,884,2,2,2,1,2
8853,885,2,2,2,1,1
8854,885,2,2,2,1,2
8857,885,2,2,2,1,2
8862,886,2,2,2,1,2
8929,892,2,2,2,1,1
8939,893,2,1,1,1,2
8955,895,2,2,1,1,1
8956,895,2,2,1,1,1
8973,897,2,2,2,1,2
8982,898,2,1,1,1,2
8998,899,2,1,1,1,2
9002,900,2,2,2,1,2
9004,900,2,1,1,1,2
9005,900,2,1,1,1,2
9006,900,2,2,1,1,1
9008,900,2,2,2,1,2
9012,901,2,2,1,1,2
9013,901,2,1,1,1,2
9028,902,2,2,1,1,1
9059,905,2,1,1,1,2
9065,906,2,2,2,1,1
9069,906,2,1,1,1,2
9085,908,2,1,1,1,2
9089,908,2,2,2,1,2
9098,909,2,1,1,1,2
9103,910,2,1,1,1,2
9123,912,2,2,2,2,1
9132,913,2,2,1,1,2
9172,917,2,1,1,1,2
9183,918,2,2,2,1,2
9209,920,2,1,1,1,2
9215,921,2,2,2,1,1
9233,923,2,2,2,1,2
9251,925,2,1,1,1,2
9256,925,2,1,1,1,2
9267,926,2,2,1,2,2
9275,927,2,2,2,1,2
9278,927,2,1,1,1,2
9283,928,2,2,2,1,2
9328,932,2,1,1,1,2
9330,933,2,2,2,2,2
9333,933,2,1,1,1,2
9338,933,2,1,1,1,2
9358,935,2,2,2,1,2
9359,935,2,2,2,1,1
9369,936,2,1,1,1,2
9388,938,2,1,1,1,2
9390,939,2,2,2,1,2
9398,939,2,2,2,1,2
9416,941,2,2,2,1,2
9424,942,2,2,1,2,2
9429,942,2,1,1,1,2
9436,943,2,1,1,1,2
9453,945,2,2,2,1,2
9454,945,2,1,1,1,2
9459,945,2,2,2,1,2
9461,946,2,1,1,1,2
9472,947,2,2,2,1,2
9478,947,2,2,2,1,2
9489,948,2,1,1,1,2
9510,951,2,2,2,1,1
9528,952,2,1,1,1,2
9529,952,2,1,1,1,2
9558,955,2,2,2,2,1
9568,956,2,2,1,1,2
9578,957,2,1,1,1,2
9586,958,2,1,1,1,2
9620,962,2,1,1,1,2
9666,966,2,1,1,1,2
9675,967,2,2,2,1,2
9684,968,2,2,2,1,2
9687,968,2,2,2,2,2
9688,968,2,2,2,1,2
9698,969,2,2,2,1,2
9705,970,2,1,1,1,2
9719,971,2,1,1,1,2
9757,975,2,2,2,1,1
9763,976,2,2,2,1,2
9765,976,2,1,1,1,2
9788,978,2,2,1,1,1
9792,979,2,2,1,1,1
9815,981,2,2,1,1,1
9852,985,2,1,1,1,2
9873,987,2,2,1,1,2
9880,988,2,2,1,1,2
9884,988,2,2,2,1,2
9890,989,2,2,2,1,2
9900,990,2,2,2,1,2
9908,990,2,2,2,1,2
9909,990,2,2,2,1,2
9910,991,2,2,1,1,1
9913,991,2,1,1,1,2
9916,991,2,2,1,1,1
9924,992,2,2,2,1,2
9926,992,2,2,1,1,1
9939,993,2,2,1,1,1
9946,994,2,2,2,1,1
9962,996,2,2,2,2,2
9992,999,2,2,2,1,2
9999,999,2,1,1,1,2
14,1,1,1,1,1,1
16,1,1,1,1,1,1
18,1,1,1,1,1,1
48,4,1,1,1,1,1
50,5,1,1,1,1,1
57,5,1,1,1,1,1
66,6,1,1,1,1,1
67,6,1,1,1,1,1
70,7,1,1,1,1,1
73,7,1,1,1,1,1
75,7,1,1,1,1,1
81,8,1,1,1,1,1
82,8,1,1,1,1,1
83,8,1,1,1,1,1
92,9,1,1,1,1,1
103,10,1,1,1,1,1
124,12,1,1,1,1,1
130,13,1,1,1,1,1
134,13,1,1,1,1,1
144,14,1,1,1,1,1
167,16,1,1,1,1,1
173,17,1,1,1,1,1
175,17,1,1,1,1,1
178,17,1,1,1,1,1
181,18,1,1,1,1,1
196,19,1,1,1,1,1
206,20,1,1,1,1,1
207,20,1,1,1,1,1
250,25,1,1,1,1,1
258,25,1,1,1,1,1
260,26,1,1,1,1,1
303,30,1,1,1,1,1
311,31,1,1,1,1,1
313,31,1,1,1,1,1
315,31,1,1,1,1,1
322,32,1,1,1,1,1
328,32,1,1,1,1,1
332,33,1,1,1,1,1
334,33,1,1,1,1,1
362,36,1,1,1,1,1
367,36,1,1,1,1,1
368,36,1,1,1,1,1
410,41,1,1,1,1,1
413,41,1,1,1,1,1
416,41,1,1,1,1,1
419,41,1,1,1,1,1
421,42,1,1,1,1,1
423,42,1,1,1,1,1
440,44,1,1,1,1,1
447,44,1,1,1,1,1
471,47,1,1,1,1,1
473,47,1,1,1,1,1
474,47,1,1,1,1,1
475,47,1,1,1,1,1
495,49,1,1,1,1,1
496,49,1,1,1,1,1
497,49,1,1,1,1,1
508,50,1,1,1,1,1
514,51,1,1,1,1,1
522,52,1,1,1,1,1
527,52,1,1,1,1,1
536,53,1,1,1,1,1
540,54,1,1,1,1,1
549,54,1,1,1,1,1
558,55,1,1,1,1,1
564,56,1,1,1,1,1
573,57,1,1,1,1,1
574,57,1,1,1,1,1
575,57,1,1,1,1,1
586,58,1,1,1,1,1
589,58,1,1,1,1,1
591,59,1,1,1,1,1
592,59,1,1,1,1,1
605,60,1,1,1,1,1
617,61,1,1,1,1,1
619,61,1,1,1,1,1
637,63,1,1,1,1,1
660,66,1,1,1,1,1
698,69,1,1,1,1,1
701,70,1,1,1,1,1
708,70,1,1,1,1,1
723,72,1,1,1,1,1
735,73,1,1,1,1,1
742,74,1,1,1,1,1
749,74,1,1,1,1,1
752,75,1,1,1,1,1
757,75,1,1,1,1,1
764,76,1,1,1,1,1
786,78,1,1,1,1,1
792,79,1,1,1,1,1
797,79,1,1,1,1,1
799,79,1,1,1,1,1
814,81,1,1,1,1,1
817,81,1,1,1,1,1
822,82,1,1,1,1,1
823,82,1,1,1,1,1
824,82,1,1,1,1,1
855,85,1,1,1,1,1
858,85,1,1,1,1,1
871,87,1,1,1,1,1
895,89,1,1,1,1,1
896,89,1,1,1,1,1
900,90,1,1,1,1,1
906,90,1,1,1,1,1
918,91,1,1,1,1,1
938,93,1,1,1,1,1
939,93,1,1,1,1,1
945,94,1,1,1,1,1
948,94,1,1,1,1,1
951,95,1,1,1,1,1
955,95,1,1,1,1,1
974,97,1,1,1,1,1
993,99,1,1,1,1,1
1004,100,1,1,1,1,1
1010,101,1,1,1,1,1
1014,101,1,1,1,1,1
1042,104,1,1,1,1,1
1044,104,1,1,1,1,1
1047,104,1,1,1,1,1
1063,106,1,1,1,1,1
1085,108,1,1,1,1,1
1095,109,1,1,1,1,1
1115,111,1,1,1,1,1
1128,112,1,1,1,1,1
1131,113,1,1,1,1,1
1139,113,1,1,1,1,1
1141,114,1,1,1,1,1
1156,115,1,1,1,1,1
1157,115,1,1,1,1,1
1159,115,1,1,1,1,1
1161,116,1,1,1,1,1
1169,116,1,1,1,1,1
1179,117,1,1,1,1,1
1181,118,1,1,1,1,1
1202,120,1,1,1,1,1
1204,120,1,1,1,1,1
1205,120,1,1,1,1,1
1218,121,1,1,1,1,1
1227,122,1,1,1,1,1
1231,123,1,1,1,1,1
1232,123,1,1,1,1,1
1233,123,1,1,1,1,1
1260,126,1,1,1,1,1
1267,126,1,1,1,1,1
1271,127,1,1,1,1,1
1277,127,1,1,1,1,1
1280,128,1,1,1,1,1
1294,129,1,1,1,1,1
1295,129,1,1,1,1,1
1301,130,1,1,1,1,1
1312,131,1,1,1,1,1
1319,131,1,1,1,1,1
1320,132,1,1,1,1,1
1326,132,1,1,1,1,1
1328,132,1,1,1,1,1
1336,133,1,1,1,1,1
1351,135,1,1,1,1,1
1353,135,1,1,1,1,1
1356,135,1,1,1,1,1
1358,135,1,1,1,1,1
1376,137,1,1,1,1,1
1383,138,1,1,1,1,1
1389,138,1,1,1,1,1
1390,139,1,1,1,1,1
1391,139,1,1,1,1,1
1393,139,1,1,1,1,1
1395,139,1,1,1,1,1
1398,139,1,1,1,1,1
1401,140,1,1,1,1,1
1408,140,1,1,1,1,1
1415,141,1,1,1,1,1
1431,143,1,1,1,1,1
1446,144,1,1,1,1,1
1459,145,1,1,1,1,1
1475,147,1,1,1,1,1
1501,150,1,1,1,1,1
1505,150,1,1,1,1,1
1506,150,1,1,1,1,1
1507,150,1,1,1,1,1
1508,150,1,1,1,1,1
1519,151,1,1,1,1,1
1524,152,1,1,1,1,1
1529,152,1,1,1,1,1
1530,153,1,1,1,1,1
1534,153,1,1,1,1,1
1539,153,1,1,1,1,1
1553,155,1,1,1,1,1
1556,155,1,1,1,1,1
1565,156,1,1,1,1,1
1570,157,1,1,1,1,1
1572,157,1,1,1,1,1
1574,157,1,1,1,1,1
1577,157,1,1,1,1,1
1586,158,1,1,1,1,1
1605,160,1,1,1,1,1
1607,160,1,1,1,1,1
1612,161,1,1,1,1,1
1613,161,1,1,1,1,1
1614,161,1,1,1,1,1
1620,162,1,1,1,1,1
1621,162,1,1,1,1,1
1624,162,1,1,1,1,1
1625,162,1,1,1,1,1
1627,162,1,1,1,1,1
1646,164,1,1,1,1,1
1648,164,1,1,1,1,1
1661,166,1,1,1,1,1
1667,166,1,1,1,1,1
1676,167,1,1,1,1,1
1687,168,1,1,1,1,1
1693,169,1,1,1,1,1
1694,169,1,1,1,1,1
1709,170,1,1,1,1,1
1710,171,1,1,1,1,1
1713,171,1,1,1,1,1
1725,172,1,1,1,1,1
1729,172,1,1,1,1,1
1732,173,1,1,1,1,1
1744,174,1,1,1,1,1
1756,175,1,1,1,1,1
1767,176,1,1,1,1,1
1769,176,1,1,1,1,1
1774,177,1,1,1,1,1
1775,177,1,1,1,1,1
1793,179,1,1,1,1,1
1809,180,1,1,1,1,1
1810,181,1,1,1,1,1
1829,182,1,1,1,1,1
1830,183,1,1,1,1,1
1833,183,1,1,1,1,1
1834,183,1,1,1,1,1
1837,183,1,1,1,1,1
1846,184,1,1,1,1,1
1856,185,1,1,1,1,1
1866,186,1,1,1,1,1
1869,186,1,1,1,1,1
1886,188,1,1,1,1,1
1887,188,1,1,1,1,1
1907,190,1,1,1,1,1
1922,192,1,1,1,1,1
1934,193,1,1,1,1,1
1935,193,1,1,1,1,1
1937,193,1,1,1,1,1
1945,194,1,1,1,1,1
1955,195,1,1,1,1,1
1964,196,1,1,1,1,1
1994,199,1,1,1,1,1
1999,199,1,1,1,1,1
2016,201,1,1,1,1,1
2028,202,1,1,1,1,1
2037,203,1,1,1,1,1
2044,204,1,1,1,1,1
2051,205,1,1,1,1,1
2060,206,1,1,1,1,1
2063,206,1,1,1,1,1
2068,206,1,1,1,1,1
2069,206,1,1,1,1,1
2071,207,1,1,1,1,1
2073,207,1,1,1,1,1
2094,209,1,1,1,1,1
2103,210,1,1,1,1,1
2104,210,1,1,1,1,1
2112,211,1,1,1,1,1
2126,212,1,1,1,1,1
2130,213,1,1,1,1,1
2157,215,1,1,1,1,1
2163,216,1,1,1,1,1
2165,216,1,1,1,1,1
2167,216,1,1,1,1,1
2172,217,1,1,1,1,1
2183,218,1,1,1,1,1
2185,218,1,1,1,1,1
2188,218,1,1,1,1,1
2194,219,1,1,1,1,1
2200,220,1,1,1,1,1
2201,220,1,1,1,1,1
2211,221,1,1,1,1,1
2230,223,1,1,1,1,1
2231,223,1,1,1,1,1
2235,223,1,1,1,1,1
2236,223,1,1,1,1,1
2237,223,1,1,1,1,1
2243,224,1,1,1,1,1
2269,226,1,1,1,1,1
2279,227,1,1,1,1,1
2290,229,1,1,1,1,1
2295,229,1,1,1,1,1
2298,229,1,1,1,1,1
2301,230,1,1,1,1,1
2303,230,1,1,1,1,1
2306,230,1,1,1,1,1
2308,230,1,1,1,1,1
2313,231,1,1,1,1,1
2332,233,1,1,1,1,1
2333,233,1,1,1,1,1
2337,233,1,1,1,1,1
2343,234,1,1,1,1,1
2354,235,1,1,1,1,1
2359,235,1,1,1,1,1
2361,236,1,1,1,1,1
2395,239,1,1,1,1,1
2398,239,1,1,1,1,1
2401,240,1,1,1,1,1
2402,240,1,1,1,1,1
2413,241,1,1,1,1,1
2419,241,1,1,1,1,1
2420,242,1,1,1,1,1
2421,242,1,1,1,1,1
2430,243,1,1,1,1,1
2441,244,1,1,1,1,1
2471,247,1,1,1,1,1
2489,248,1,1,1,1,1
2502,250,1,1,1,1,1
2506,250,1,1,1,1,1
2510,251,1,1,1,1,1
2519,251,1,1,1,1,1
2531,253,1,1,1,1,1
2549,254,1,1,1,1,1
2552,255,1,1,1,1,1
2561,256,1,1,1,1,1
2616,261,1,1,1,1,1
2625,262,1,1,1,1,1
2626,262,1,1,1,1,1
2638,263,1,1,1,1,1
2643,264,1,1,1,1,1
2654,265,1,1,1,1,1
2657,265,1,1,1,1,1
2665,266,1,1,1,1,1
2668,266,1,1,1,1,1
2671,267,1,1,1,1,1
2674,267,1,1,1,1,1
2676,267,1,1,1,1,1
2678,267,1,1,1,1,1
2684,268,1,1,1,1,1
2697,269,1,1,1,1,1
2708,270,1,1,1,1,1
2713,271,1,1,1,1,1
2716,271,1,1,1,1,1
2719,271,1,1,1,1,1
2723,272,1,1,1,1,1
2739,273,1,1,1,1,1
2745,274,1,1,1,1,1
2749,274,1,1,1,1,1
2753,275,1,1,1,1,1
2754,275,1,1,1,1,1
2757,275,1,1,1,1,1
2776,277,1,1,1,1,1
2779,277,1,1,1,1,1
2785,278,1,1,1,1,1
2788,278,1,1,1,1,1
2791,279,1,1,1,1,1
2811,281,1,1,1,1,1
2832,283,1,1,1,1,1
2837,283,1,1,1,1,1
2838,283,1,1,1,1,1
2843,284,1,1,1,1,1
2845,284,1,1,1,1,1
2853,285,1,1,1,1,1
2854,285,1,1,1,1,1
2858,285,1,1,1,1,1
2865,286,1,1,1,1,1
2866,286,1,1,1,1,1
2872,287,1,1,1,1,1
2892,289,1,1,1,1,1
2930,293,1,1,1,1,1
2935,293,1,1,1,1,1
2970,297,1,1,1,1,1
2982,298,1,1,1,1,1
2985,298,1,1,1,1,1
2988,298,1,1,1,1,1
2991,299,1,1,1,1,1
2994,299,1,1,1,1,1
3000,300,1,1,1,1,1
3006,300,1,1,1,1,1
3008,300,1,1,1,1,1
3010,301,1,1,1,1,1
3014,301,1,1,1,1,1
3015,301,1,1,1,1,1
3025,302,1,1,1,1,1
3026,302,1,1,1,1,1
3030,303,1,1,1,1,1
3035,303,1,1,1,1,1
3038,303,1,1,1,1,1
3043,304,1,1,1,1,1
3044,304,1,1,1,1,1
3045,304,1,1,1,1,1
3057,305,1,1,1,1,1
3068,306,1,1,1,1,1
3080,308,1,1,1,1,1
3087,308,1,1,1,1,1
3100,310,1,1,1,1,1
3115,311,1,1,1,1,1
3136,313,1,1,1,1,1
3138,313,1,1,1,1,1
3145,314,1,1,1,1,1
3184,318,1,1,1,1,1
3196,319,1,1,1,1,1
3197,319,1,1,1,1,1
3205,320,1,1,1,1,1
3210,321,1,1,1,1,1
3216,321,1,1,1,1,1
3217,321,1,1,1,1,1
3220,322,1,1,1,1,1
3235,323,1,1,1,1,1
3245,324,1,1,1,1,1
3250,325,1,1,1,1,1
3254,325,1,1,1,1,1
3258,325,1,1,1,1,1
3259,325,1,1,1,1,1
3266,326,1,1,1,1,1
3271,327,1,1,1,1,1
3272,327,1,1,1,1,1
3277,327,1,1,1,1,1
3290,329,1,1,1,1,1
3294,329,1,1,1,1,1
3304,330,1,1,1,1,1
3310,331,1,1,1,1,1
3336,333,1,1,1,1,1
3341,334,1,1,1,1,1
3343,334,1,1,1,1,1
3344,334,1,1,1,1,1
3348,334,1,1,1,1,1
3355,335,1,1,1,1,1
3357,335,1,1,1,1,1
3370,337,1,1,1,1,1
3373,337,1,1,1,1,1
3379,337,1,1,1,1,1
3386,338,1,1,1,1,1
3388,338,1,1,1,1,1
3397,339,1,1,1,1,1
3405,340,1,1,1,1,1
3407,340,1,1,1,1,1
3416,341,1,1,1,1,1
3418,341,1,1,1,1,1
3425,342,1,1,1,1,1
3426,342,1,1,1,1,1
3430,343,1,1,1,1,1
3436,343,1,1,1,1,1
3440,344,1,1,1,1,1
3446,344,1,1,1,1,1
3447,344,1,1,1,1,1
3455,345,1,1,1,1,1
3456,345,1,1,1,1,1
3480,348,1,1,1,1,1
3486,348,1,1,1,1,1
3488,348,1,1,1,1,1
3490,349,1,1,1,1,1
3492,349,1,1,1,1,1
3508,350,1,1,1,1,1
3528,352,1,1,1,1,1
3539,353,1,1,1,1,1
3554,355,1,1,1,1,1
3573,357,1,1,1,1,1
3588,358,1,1,1,1,1
3596,359,1,1,1,1,1
3604,360,1,1,1,1,1
3611,361,1,1,1,1,1
3623,362,1,1,1,1,1
3640,364,1,1,1,1,1
3648,364,1,1,1,1,1
3651,365,1,1,1,1,1
3657,365,1,1,1,1,1
3660,366,1,1,1,1,1
3662,366,1,1,1,1,1
3665,366,1,1,1,1,1
3686,368,1,1,1,1,1
3708,370,1,1,1,1,1
3712,371,1,1,1,1,1
3716,371,1,1,1,1,1
3718,371,1,1,1,1,1
3724,372,1,1,1,1,1
3736,373,1,1,1,1,1
3741,374,1,1,1,1,1
3744,374,1,1,1,1,1
3745,374,1,1,1,1,1
3752,375,1,1,1,1,1
3759,375,1,1,1,1,1
3766,376,1,1,1,1,1
3767,376,1,1,1,1,1
3773,377,1,1,1,1,1
3774,377,1,1,1,1,1
3784,378,1,1,1,1,1
3821,382,1,1,1,1,1
3828,382,1,1,1,1,1
3829,382,1,1,1,1,1
3836,383,1,1,1,1,1
3837,383,1,1,1,1,1
3842,384,1,1,1,1,1
3847,384,1,1,1,1,1
3854,385,1,1,1,1,1
3859,385,1,1,1,1,1
3861,386,1,1,1,1,1
3871,387,1,1,1,1,1
3875,387,1,1,1,1,1
3886,388,1,1,1,1,1
3897,389,1,1,1,1,1
3898,389,1,1,1,1,1
3899,389,1,1,1,1,1
3902,390,1,1,1,1,1
3910,391,1,1,1,1,1
3922,392,1,1,1,1,1
3928,392,1,1,1,1,1
3935,393,1,1,1,1,1
3936,393,1,1,1,1,1
3943,394,1,1,1,1,1
3944,394,1,1,1,1,1
3948,394,1,1,1,1,1
3951,395,1,1,1,1,1
3953,395,1,1,1,1,1
3956,395,1,1,1,1,1
3970,397,1,1,1,1,1
3987,398,1,1,1,1,1
3990,399,1,1,1,1,1
3993,399,1,1,1,1,1
3994,399,1,1,1,1,1
4001,400,1,1,1,1,1
4003,400,1,1,1,1,1
4005,400,1,1,1,1,1
4007,400,1,1,1,1,1
4018,401,1,1,1,1,1
4030,403,1,1,1,1,1
4031,403,1,1,1,1,1
4032,403,1,1,1,1,1
4039,403,1,1,1,1,1
4048,404,1,1,1,1,1
4049,404,1,1,1,1,1
4058,405,1,1,1,1,1
4059,405,1,1,1,1,1
4084,408,1,1,1,1,1
4096,409,1,1,1,1,1
4104,410,1,1,1,1,1
4107,410,1,1,1,1,1
4112,411,1,1,1,1,1
4115,411,1,1,1,1,1
4146,414,1,1,1,1,1
4148,414,1,1,1,1,1
4162,416,1,1,1,1,1
4166,416,1,1,1,1,1
4169,416,1,1,1,1,1
4173,417,1,1,1,1,1
4176,417,1,1,1,1,1
4197,419,1,1,1,1,1
4202,420,1,1,1,1,1
4217,421,1,1,1,1,1
4218,421,1,1,1,1,1
4219,421,1,1,1,1,1
4229,422,1,1,1,1,1
4231,423,1,1,1,1,1
4239,423,1,1,1,1,1
4249,424,1,1,1,1,1
4252,425,1,1,1,1,1
4262,426,1,1,1,1,1
4266,426,1,1,1,1,1
4267,426,1,1,1,1,1
4284,428,1,1,1,1,1
4288,428,1,1,1,1,1
4289,428,1,1,1,1,1
4291,429,1,1,1,1,1
4295,429,1,1,1,1,1
4314,431,1,1,1,1,1
4339,433,1,1,1,1,1
4341,434,1,1,1,1,1
4343,434,1,1,1,1,1
4348,434,1,1,1,1,1
4357,435,1,1,1,1,1
4358,435,1,1,1,1,1
4361,436,1,1,1,1,1
4367,436,1,1,1,1,1
4369,436,1,1,1,1,1
4372,437,1,1,1,1,1
4376,437,1,1,1,1,1
4385,438,1,1,1,1,1
4390,439,1,1,1,1,1
4392,439,1,1,1,1,1
4393,439,1,1,1,1,1
4396,439,1,1,1,1,1
4410,441,1,1,1,1,1
4411,441,1,1,1,1,1
4414,441,1,1,1,1,1
4422,442,1,1,1,1,1
4423,442,1,1,1,1,1
4438,443,1,1,1,1,1
4451,445,1,1,1,1,1
4453,445,1,1,1,1,1
4464,446,1,1,1,1,1
4468,446,1,1,1,1,1
4482,448,1,1,1,1,1
4498,449,1,1,1,1,1
4499,449,1,1,1,1,1
4516,451,1,1,1,1,1
4541,454,1,1,1,1,1
4571,457,1,1,1,1,1
4583,458,1,1,1,1,1
4585,458,1,1,1,1,1
4597,459,1,1,1,1,1
4609,460,1,1,1,1,1
4610,461,1,1,1,1,1
4612,461,1,1,1,1,1
4615,461,1,1,1,1,1
4618,461,1,1,1,1,1
4641,464,1,1,1,1,1
4644,464,1,1,1,1,1
4648,464,1,1,1,1,1
4654,465,1,1,1,1,1
4658,465,1,1,1,1,1
4674,467,1,1,1,1,1
4675,467,1,1,1,1,1
4676,467,1,1,1,1,1
4682,468,1,1,1,1,1
4697,469,1,1,1,1,1
4698,469,1,1,1,1,1
4706,470,1,1,1,1,1
4710,471,1,1,1,1,1
4724,472,1,1,1,1,1
4729,472,1,1,1,1,1
4737,473,1,1,1,1,1
4739,473,1,1,1,1,1
4748,474,1,1,1,1,1
4754,475,1,1,1,1,1
4761,476,1,1,1,1,1
4768,476,1,1,1,1,1
4779,477,1,1,1,1,1
4781,478,1,1,1,1,1
4782,478,1,1,1,1,1
4788,478,1,1,1,1,1
4798,479,1,1,1,1,1
4799,479,1,1,1,1,1
4808,480,1,1,1,1,1
4818,481,1,1,1,1,1
4830,483,1,1,1,1,1
4837,483,1,1,1,1,1
4846,484,1,1,1,1,1
4861,486,1,1,1,1,1
4864,486,1,1,1,1,1
4865,486,1,1,1,1,1
4866,486,1,1,1,1,1
4867,486,1,1,1,1,1
4872,487,1,1,1,1,1
4873,487,1,1,1,1,1
4875,487,1,1,1,1,1
4877,487,1,1,1,1,1
4883,488,1,1,1,1,1
4890,489,1,1,1,1,1
4893,489,1,1,1,1,1
4900,490,1,1,1,1,1
4917,491,1,1,1,1,1
4920,492,1,1,1,1,1
4937,493,1,1,1,1,1
4959,495,1,1,1,1,1
4962,496,1,1,1,1,1
4964,496,1,1,1,1,1
4965,496,1,1,1,1,1
4966,496,1,1,1,1,1
4982,498,1,1,1,1,1
4986,498,1,1,1,1,1
4990,499,1,1,1,1,1
4993,499,1,1,1,1,1
4997,499,1,1,1,1,1
5015,501,1,1,1,1,1
5016,501,1,1,1,1,1
5031,503,1,1,1,1,1
5050,505,1,1,1,1,1
5052,505,1,1,1,1,1
5062,506,1,1,1,1,1
5066,506,1,1,1,1,1
5071,507,1,1,1,1,1
5073,507,1,1,1,1,1
5076,507,1,1,1,1,1
5078,507,1,1,1,1,1
5090,509,1,1,1,1,1
5094,509,1,1,1,1,1
5096,509,1,1,1,1,1
5107,510,1,1,1,1,1
5108,510,1,1,1,1,1
5112,511,1,1,1,1,1
5142,514,1,1,1,1,1
5148,514,1,1,1,1,1
5154,515,1,1,1,1,1
5168,516,1,1,1,1,1
5178,517,1,1,1,1,1
5182,518,1,1,1,1,1
5186,518,1,1,1,1,1
5188,518,1,1,1,1,1
5196,519,1,1,1,1,1
5199,519,1,1,1,1,1
5209,520,1,1,1,1,1
5218,521,1,1,1,1,1
5228,522,1,1,1,1,1
5250,525,1,1,1,1,1
5253,525,1,1,1,1,1
5266,526,1,1,1,1,1
5272,527,1,1,1,1,1
5280,528,1,1,1,1,1
5282,528,1,1,1,1,1
5300,530,1,1,1,1,1
5305,530,1,1,1,1,1
5317,531,1,1,1,1,1
5319,531,1,1,1,1,1
5326,532,1,1,1,1,1
5345,534,1,1,1,1,1
5346,534,1,1,1,1,1
5352,535,1,1,1,1,1
5355,535,1,1,1,1,1
5361,536,1,1,1,1,1
5371,537,1,1,1,1,1
5373,537,1,1,1,1,1
5389,538,1,1,1,1,1
5390,539,1,1,1,1,1
5394,539,1,1,1,1,1
5400,540,1,1,1,1,1
5402,540,1,1,1,1,1
5427,542,1,1,1,1,1
5429,542,1,1,1,1,1
5435,543,1,1,1,1,1
5445,544,1,1,1,1,1
5456,545,1,1,1,1,1
5457,545,1,1,1,1,1
5466,546,1,1,1,1,1
5471,547,1,1,1,1,1
5473,547,1,1,1,1,1
5491,549,1,1,1,1,1
5509,550,1,1,1,1,1
5519,551,1,1,1,1,1
5523,552,1,1,1,1,1
5527,552,1,1,1,1,1
5550,555,1,1,1,1,1
5559,555,1,1,1,1,1
5590,559,1,1,1,1,1
5597,559,1,1,1,1,1
5603,560,1,1,1,1,1
5607,560,1,1,1,1,1
5618,561,1,1,1,1,1
5621,562,1,1,1,1,1
5635,563,1,1,1,1,1
5643,564,1,1,1,1,1
5648,564,1,1,1,1,1
5652,565,1,1,1,1,1
5660,566,1,1,1,1,1
5662,566,1,1,1,1,1
5664,566,1,1,1,1,1
5674,567,1,1,1,1,1
5689,568,1,1,1,1,1
5692,569,1,1,1,1,1
5694,569,1,1,1,1,1
5699,569,1,1,1,1,1
5701,570,1,1,1,1,1
5703,570,1,1,1,1,1
5705,570,1,1,1,1,1
5713,571,1,1,1,1,1
5725,572,1,1,1,1,1
5732,573,1,1,1,1,1
5740,574,1,1,1,1,1
5743,574,1,1,1,1,1
5744,574,1,1,1,1,1
5745,574,1,1,1,1,1
5754,575,1,1,1,1,1
5758,575,1,1,1,1,1
5768,576,1,1,1,1,1
5773,577,1,1,1,1,1
5775,577,1,1,1,1,1
5792,579,1,1,1,1,1
5805,580,1,1,1,1,1
5810,581,1,1,1,1,1
5819,581,1,1,1,1,1
5827,582,1,1,1,1,1
5832,583,1,1,1,1,1
5840,584,1,1,1,1,1
5853,585,1,1,1,1,1
5870,587,1,1,1,1,1
5872,587,1,1,1,1,1
5876,587,1,1,1,1,1
5891,589,1,1,1,1,1
5901,590,1,1,1,1,1
5907,590,1,1,1,1,1
5912,591,1,1,1,1,1
5913,591,1,1,1,1,1
5915,591,1,1,1,1,1
5928,592,1,1,1,1,1
5935,593,1,1,1,1,1
5943,594,1,1,1,1,1
5944,594,1,1,1,1,1
5946,594,1,1,1,1,1
5957,595,1,1,1,1,1
5962,596,1,1,1,1,1
5978,597,1,1,1,1,1
5982,598,1,1,1,1,1
5983,598,1,1,1,1,1
5985,598,1,1,1,1,1
5989,598,1,1,1,1,1
5994,599,1,1,1,1,1
6005,600,1,1,1,1,1
6019,601,1,1,1,1,1
6023,602,1,1,1,1,1
6026,602,1,1,1,1,1
6033,603,1,1,1,1,1
6064,606,1,1,1,1,1
6092,609,1,1,1,1,1
6099,609,1,1,1,1,1
6123,612,1,1,1,1,1
6125,612,1,1,1,1,1
6133,613,1,1,1,1,1
6136,613,1,1,1,1,1
6139,613,1,1,1,1,1
6140,614,1,1,1,1,1
6145,614,1,1,1,1,1
6147,614,1,1,1,1,1
6148,614,1,1,1,1,1
6204,620,1,1,1,1,1
6208,620,1,1,1,1,1
6211,621,1,1,1,1,1
6217,621,1,1,1,1,1
6227,622,1,1,1,1,1
6249,624,1,1,1,1,1
6268,626,1,1,1,1,1
6277,627,1,1,1,1,1
6279,627,1,1,1,1,1
6282,628,1,1,1,1,1
6284,628,1,1,1,1,1
6296,629,1,1,1,1,1
6297,629,1,1,1,1,1
6298,629,1,1,1,1,1
6299,629,1,1,1,1,1
6304,630,1,1,1,1,1
6307,630,1,1,1,1,1
6314,631,1,1,1,1,1
6323,632,1,1,1,1,1
6328,632,1,1,1,1,1
6329,632,1,1,1,1,1
6334,633,1,1,1,1,1
6337,633,1,1,1,1,1
6341,634,1,1,1,1,1
6352,635,1,1,1,1,1
6354,635,1,1,1,1,1
6357,635,1,1,1,1,1
6358,635,1,1,1,1,1
6372,637,1,1,1,1,1
6380,638,1,1,1,1,1
6389,638,1,1,1,1,1
6392,639,1,1,1,1,1
6393,639,1,1,1,1,1
6394,639,1,1,1,1,1
6396,639,1,1,1,1,1
6410,641,1,1,1,1,1
6412,641,1,1,1,1,1
6414,641,1,1,1,1,1
6415,641,1,1,1,1,1
6436,643,1,1,1,1,1
6439,643,1,1,1,1,1
6448,644,1,1,1,1,1
6451,645,1,1,1,1,1
6458,645,1,1,1,1,1
6483,648,1,1,1,1,1
6489,648,1,1,1,1,1
6493,649,1,1,1,1,1
6505,650,1,1,1,1,1
6508,650,1,1,1,1,1
6512,651,1,1,1,1,1
6516,651,1,1,1,1,1
6521,652,1,1,1,1,1
6527,652,1,1,1,1,1
6539,653,1,1,1,1,1
6561,656,1,1,1,1,1
6563,656,1,1,1,1,1
6564,656,1,1,1,1,1
6572,657,1,1,1,1,1
6592,659,1,1,1,1,1
6604,660,1,1,1,1,1
6608,660,1,1,1,1,1
6612,661,1,1,1,1,1
6615,661,1,1,1,1,1
6627,662,1,1,1,1,1
6630,663,1,1,1,1,1
6633,663,1,1,1,1,1
6639,663,1,1,1,1,1
6643,664,1,1,1,1,1
6649,664,1,1,1,1,1
6650,665,1,1,1,1,1
6654,665,1,1,1,1,1
6655,665,1,1,1,1,1
6657,665,1,1,1,1,1
6659,665,1,1,1,1,1
6660,666,1,1,1,1,1
6675,667,1,1,1,1,1
6676,667,1,1,1,1,1
6679,667,1,1,1,1,1
6685,668,1,1,1,1,1
6690,669,1,1,1,1,1
6700,670,1,1,1,1,1
6701,670,1,1,1,1,1
6703,670,1,1,1,1,1
6717,671,1,1,1,1,1
6720,672,1,1,1,1,1
6723,672,1,1,1,1,1
6724,672,1,1,1,1,1
6725,672,1,1,1,1,1
6736,673,1,1,1,1,1
6747,674,1,1,1,1,1
6756,675,1,1,1,1,1
6768,676,1,1,1,1,1
6776,677,1,1,1,1,1
6780,678,1,1,1,1,1
6790,679,1,1,1,1,1
6810,681,1,1,1,1,1
6811,681,1,1,1,1,1
6821,682,1,1,1,1,1
6826,682,1,1,1,1,1
6827,682,1,1,1,1,1
6839,683,1,1,1,1,1
6840,684,1,1,1,1,1
6844,684,1,1,1,1,1
6845,684,1,1,1,1,1
6877,687,1,1,1,1,1
6881,688,1,1,1,1,1
6882,688,1,1,1,1,1
6895,689,1,1,1,1,1
6898,689,1,1,1,1,1
6907,690,1,1,1,1,1
6912,691,1,1,1,1,1
6916,691,1,1,1,1,1
6921,692,1,1,1,1,1
6939,693,1,1,1,1,1
6948,694,1,1,1,1,1
6950,695,1,1,1,1,1
6951,695,1,1,1,1,1
6957,695,1,1,1,1,1
6962,696,1,1,1,1,1
6967,696,1,1,1,1,1
6975,697,1,1,1,1,1
6982,698,1,1,1,1,1
6994,699,1,1,1,1,1
6998,699,1,1,1,1,1
7002,700,1,1,1,1,1
7003,700,1,1,1,1,1
7013,701,1,1,1,1,1
7020,702,1,1,1,1,1
7025,702,1,1,1,1,1
7042,704,1,1,1,1,1
7043,704,1,1,1,1,1
7044,704,1,1,1,1,1
7052,705,1,1,1,1,1
7059,705,1,1,1,1,1
7060,706,1,1,1,1,1
7063,706,1,1,1,1,1
7069,706,1,1,1,1,1
7071,707,1,1,1,1,1
7074,707,1,1,1,1,1
7089,708,1,1,1,1,1
7091,709,1,1,1,1,1
7092,709,1,1,1,1,1
7102,710,1,1,1,1,1
7121,712,1,1,1,1,1
7127,712,1,1,1,1,1
7128,712,1,1,1,1,1
7138,713,1,1,1,1,1
7143,714,1,1,1,1,1
7148,714,1,1,1,1,1
7149,714,1,1,1,1,1
7163,716,1,1,1,1,1
7169,716,1,1,1,1,1
7183,718,1,1,1,1,1
7184,718,1,1,1,1,1
7186,718,1,1,1,1,1
7192,719,1,1,1,1,1
7203,720,1,1,1,1,1
7205,720,1,1,1,1,1
7212,721,1,1,1,1,1
7219,721,1,1,1,1,1
7220,722,1,1,1,1,1
7225,722,1,1,1,1,1
7236,723,1,1,1,1,1
7254,725,1,1,1,1,1
7264,726,1,1,1,1,1
7267,726,1,1,1,1,1
7269,726,1,1,1,1,1
7285,728,1,1,1,1,1
7293,729,1,1,1,1,1
7304,730,1,1,1,1,1
7308,730,1,1,1,1,1
7316,731,1,1,1,1,1
7320,732,1,1,1,1,1
7337,733,1,1,1,1,1
7341,734,1,1,1,1,1
7350,735,1,1,1,1,1
7371,737,1,1,1,1,1
7374,737,1,1,1,1,1
7378,737,1,1,1,1,1
7396,739,1,1,1,1,1
7398,739,1,1,1,1,1
7432,743,1,1,1,1,1
7445,744,1,1,1,1,1
7450,745,1,1,1,1,1
7466,746,1,1,1,1,1
7467,746,1,1,1,1,1
7471,747,1,1,1,1,1
7474,747,1,1,1,1,1
7482,748,1,1,1,1,1
7493,749,1,1,1,1,1
7496,749,1,1,1,1,1
7497,749,1,1,1,1,1
7508,750,1,1,1,1,1
7541,754,1,1,1,1,1
7572,757,1,1,1,1,1
7575,757,1,1,1,1,1
7578,757,1,1,1,1,1
7581,758,1,1,1,1,1
7587,758,1,1,1,1,1
7592,759,1,1,1,1,1
7593,759,1,1,1,1,1
7609,760,1,1,1,1,1
7615,761,1,1,1,1,1
7620,762,1,1,1,1,1
7623,762,1,1,1,1,1
7631,763,1,1,1,1,1
7640,764,1,1,1,1,1
7658,765,1,1,1,1,1
7670,767,1,1,1,1,1
7672,767,1,1,1,1,1
7673,767,1,1,1,1,1
7677,767,1,1,1,1,1
7681,768,1,1,1,1,1
7704,770,1,1,1,1,1
7705,770,1,1,1,1,1
7711,771,1,1,1,1,1
7726,772,1,1,1,1,1
7743,774,1,1,1,1,1
7745,774,1,1,1,1,1
7746,774,1,1,1,1,1
7747,774,1,1,1,1,1
7752,775,1,1,1,1,1
7757,775,1,1,1,1,1
7765,776,1,1,1,1,1
7771,777,1,1,1,1,1
7775,777,1,1,1,1,1
7777,777,1,1,1,1,1
7780,778,1,1,1,1,1
7786,778,1,1,1,1,1
7787,778,1,1,1,1,1
7790,779,1,1,1,1,1
7795,779,1,1,1,1,1
7800,780,1,1,1,1,1
7804,780,1,1,1,1,1
7821,782,1,1,1,1,1
7822,782,1,1,1,1,1
7824,782,1,1,1,1,1
7832,783,1,1,1,1,1
7837,783,1,1,1,1,1
7842,784,1,1,1,1,1
7844,784,1,1,1,1,1
7847,784,1,1,1,1,1
7857,785,1,1,1,1,1
7870,787,1,1,1,1,1
7874,787,1,1,1,1,1
7897,789,1,1,1,1,1
7913,791,1,1,1,1,1
7928,792,1,1,1,1,1
7937,793,1,1,1,1,1
7940,794,1,1,1,1,1
7958,795,1,1,1,1,1
7975,797,1,1,1,1,1
7989,798,1,1,1,1,1
8018,801,1,1,1,1,1
8032,803,1,1,1,1,1
8038,803,1,1,1,1,1
8042,804,1,1,1,1,1
8043,804,1,1,1,1,1
8056,805,1,1,1,1,1
8061,806,1,1,1,1,1
8067,806,1,1,1,1,1
8073,807,1,1,1,1,1
8082,808,1,1,1,1,1
8112,811,1,1,1,1,1
8132,813,1,1,1,1,1
8144,814,1,1,1,1,1
8146,814,1,1,1,1,1
8161,816,1,1,1,1,1
8164,816,1,1,1,1,1
8184,818,1,1,1,1,1
8185,818,1,1,1,1,1
8189,818,1,1,1,1,1
8195,819,1,1,1,1,1
8197,819,1,1,1,1,1
8228,822,1,1,1,1,1
8239,823,1,1,1,1,1
8253,825,1,1,1,1,1
8268,826,1,1,1,1,1
8271,827,1,1,1,1,1
8273,827,1,1,1,1,1
8298,829,1,1,1,1,1
8308,830,1,1,1,1,1
8323,832,1,1,1,1,1
8326,832,1,1,1,1,1
8331,833,1,1,1,1,1
8346,834,1,1,1,1,1
8368,836,1,1,1,1,1
8377,837,1,1,1,1,1
8380,838,1,1,1,1,1
8390,839,1,1,1,1,1
8398,839,1,1,1,1,1
8406,840,1,1,1,1,1
8409,840,1,1,1,1,1
8420,842,1,1,1,1,1
8422,842,1,1,1,1,1
8424,842,1,1,1,1,1
8456,845,1,1,1,1,1
8468,846,1,1,1,1,1
8471,847,1,1,1,1,1
8479,847,1,1,1,1,1
8487,848,1,1,1,1,1
8489,848,1,1,1,1,1
8492,849,1,1,1,1,1
8502,850,1,1,1,1,1
8529,852,1,1,1,1,1
8536,853,1,1,1,1,1
8552,855,1,1,1,1,1
8556,855,1,1,1,1,1
8557,855,1,1,1,1,1
8596,859,1,1,1,1,1
8636,863,1,1,1,1,1
8640,864,1,1,1,1,1
8646,864,1,1,1,1,1
8650,865,1,1,1,1,1
8660,866,1,1,1,1,1
8667,866,1,1,1,1,1
8669,866,1,1,1,1,1
8676,867,1,1,1,1,1
8684,868,1,1,1,1,1
8688,868,1,1,1,1,1
8690,869,1,1,1,1,1
8703,870,1,1,1,1,1
8716,871,1,1,1,1,1
8728,872,1,1,1,1,1
8754,875,1,1,1,1,1
8787,878,1,1,1,1,1
8795,879,1,1,1,1,1
8801,880,1,1,1,1,1
8806,880,1,1,1,1,1
8827,882,1,1,1,1,1
8837,883,1,1,1,1,1
8839,883,1,1,1,1,1
8847,884,1,1,1,1,1
8861,886,1,1,1,1,1
8879,887,1,1,1,1,1
8891,889,1,1,1,1,1
8894,889,1,1,1,1,1
8897,889,1,1,1,1,1
8898,889,1,1,1,1,1
8916,891,1,1,1,1,1
8927,892,1,1,1,1,1
8940,894,1,1,1,1,1
8947,894,1,1,1,1,1
8961,896,1,1,1,1,1
8962,896,1,1,1,1,1
8977,897,1,1,1,1,1
8987,898,1,1,1,1,1
8990,899,1,1,1,1,1
9001,900,1,1,1,1,1
9023,902,1,1,1,1,1
9026,902,1,1,1,1,1
9042,904,1,1,1,1,1
9063,906,1,1,1,1,1
9070,907,1,1,1,1,1
9071,907,1,1,1,1,1
9079,907,1,1,1,1,1
9081,908,1,1,1,1,1
9097,909,1,1,1,1,1
9099,909,1,1,1,1,1
9109,910,1,1,1,1,1
9117,911,1,1,1,1,1
9118,911,1,1,1,1,1
9124,912,1,1,1,1,1
9143,914,1,1,1,1,1
9148,914,1,1,1,1,1
9150,915,1,1,1,1,1
9153,915,1,1,1,1,1
9154,915,1,1,1,1,1
9156,915,1,1,1,1,1
9169,916,1,1,1,1,1
9175,917,1,1,1,1,1
9191,919,1,1,1,1,1
9194,919,1,1,1,1,1
9205,920,1,1,1,1,1
9207,920,1,1,1,1,1
9210,921,1,1,1,1,1
9213,921,1,1,1,1,1
9214,921,1,1,1,1,1
9219,921,1,1,1,1,1
9225,922,1,1,1,1,1
9232,923,1,1,1,1,1
9243,924,1,1,1,1,1
9244,924,1,1,1,1,1
9253,925,1,1,1,1,1
9257,925,1,1,1,1,1
9262,926,1,1,1,1,1
9271,927,1,1,1,1,1
9273,927,1,1,1,1,1
9291,929,1,1,1,1,1
9294,929,1,1,1,1,1
9304,930,1,1,1,1,1
9317,931,1,1,1,1,1
9324,932,1,1,1,1,1
9329,932,1,1,1,1,1
9352,935,1,1,1,1,1
9353,935,1,1,1,1,1
9367,936,1,1,1,1,1
9400,940,1,1,1,1,1
9403,940,1,1,1,1,1
9419,941,1,1,1,1,1
9433,943,1,1,1,1,1
9439,943,1,1,1,1,1
9441,944,1,1,1,1,1
9449,944,1,1,1,1,1
9452,945,1,1,1,1,1
9468,946,1,1,1,1,1
9497,949,1,1,1,1,1
9501,950,1,1,1,1,1
9507,950,1,1,1,1,1
9517,951,1,1,1,1,1
9519,951,1,1,1,1,1
9522,952,1,1,1,1,1
9531,953,1,1,1,1,1
9534,953,1,1,1,1,1
9538,953,1,1,1,1,1
9544,954,1,1,1,1,1
9552,955,1,1,1,1,1
9553,955,1,1,1,1,1
9557,955,1,1,1,1,1
9561,956,1,1,1,1,1
9569,956,1,1,1,1,1
9571,957,1,1,1,1,1
9580,958,1,1,1,1,1
9581,958,1,1,1,1,1
9597,959,1,1,1,1,1
9599,959,1,1,1,1,1
9600,960,1,1,1,1,1
9612,961,1,1,1,1,1
9616,961,1,1,1,1,1
9617,961,1,1,1,1,1
9618,961,1,1,1,1,1
9621,962,1,1,1,1,1
9637,963,1,1,1,1,1
9642,964,1,1,1,1,1
9650,965,1,1,1,1,1
9659,965,1,1,1,1,1
9663,966,1,1,1,1,1
9672,967,1,1,1,1,1
9674,967,1,1,1,1,1
9681,968,1,1,1,1,1
9685,968,1,1,1,1,1
9706,970,1,1,1,1,1
9717,971,1,1,1,1,1
9751,975,1,1,1,1,1
9753,975,1,1,1,1,1
9762,976,1,1,1,1,1
9772,977,1,1,1,1,1
9773,977,1,1,1,1,1
9775,977,1,1,1,1,1
9797,979,1,1,1,1,1
9802,980,1,1,1,1,1
9805,980,1,1,1,1,1
9806,980,1,1,1,1,1
9824,982,1,1,1,1,1
9832,983,1,1,1,1,1
9851,985,1,1,1,1,1
9861,986,1,1,1,1,1
9867,986,1,1,1,1,1
9868,986,1,1,1,1,1
9869,986,1,1,1,1,1
9882,988,1,1,1,1,1
9885,988,1,1,1,1,1
9886,988,1,1,1,1,1
9892,989,1,1,1,1,1
9894,989,1,1,1,1,1
9922,992,1,1,1,1,1
9929,992,1,1,1,1,1
9932,993,1,1,1,1,1
9933,993,1,1,1,1,1
9935,993,1,1,1,1,1
9942,994,1,1,1,1,1
9943,994,1,1,1,1,1
9945,994,1,1,1,1,1
9950,995,1,1,1,1,1
9968,996,1,1,1,1,1
9973,997,1,1,1,1,1
9980,998,1,1,1,1,1
9984,998,1,1,1,1,1
